date=2023-11-25 14:30:55; duration=84.1970443725586; result={'actor': 'topic@topic0', 'isolate': False, 'persist': True, 'result': "Article 'ARTICLE:[...]' published", 'source': 'Source.NONE'}
date=2023-11-25 14:30:57; duration=165.33994674682617; result={'actor': 'topic@topic1', 'isolate': False, 'persist': True, 'result': "Article 'ARTICLE:[...]' published", 'source': 'Source.NONE'}
date=2023-11-25 14:30:59; duration=153.14316749572754; result={'actor': 'topic@topic2', 'isolate': False, 'persist': True, 'result': "Article 'ARTICLE:[...]' published", 'source': 'Source.NONE'}
date=2023-11-25 14:31:02; duration=133.85343551635742; result={'actor': 'topic@topic3', 'isolate': False, 'persist': True, 'result': "Article 'ARTICLE:[...]' published", 'source': 'Source.NONE'}
date=2023-11-25 14:31:04; duration=314.5473003387451; result={'actor': 'topic@topic4', 'isolate': False, 'persist': True, 'result': "Article 'ARTICLE:[...]' published", 'source': 'Source.NONE'}
date=2023-11-25 14:31:06; duration=91.79234504699707; result={'actor': 'topic@topic5', 'isolate': False, 'persist': True, 'result': "Article 'ARTICLE:[...]' published", 'source': 'Source.NONE'}
date=2023-11-25 14:31:08; duration=148.67830276489258; result={'actor': 'topic@topic6', 'isolate': False, 'persist': True, 'result': "Article 'ARTICLE:[...]' published", 'source': 'Source.NONE'}
date=2023-11-25 14:31:10; duration=151.74579620361328; result={'actor': 'topic@topic7', 'isolate': False, 'persist': True, 'result': "Article 'ARTICLE:[...]' published", 'source': 'Source.NONE'}
date=2023-11-25 14:31:12; duration=152.63915061950684; result={'actor': 'topic@topic8', 'isolate': False, 'persist': True, 'result': "Article 'ARTICLE:[...]' published", 'source': 'Source.NONE'}
date=2023-11-25 14:31:15; duration=81.87246322631836; result={'actor': 'topic@topic9', 'isolate': False, 'persist': True, 'result': "Article 'ARTICLE:[...]' published", 'source': 'Source.NONE'}
date=2023-11-25 14:31:17; duration=106.82272911071777; result={'actor': 'topic@topic10', 'isolate': False, 'persist': True, 'result': "Article 'ARTICLE:[...]' published", 'source': 'Source.NONE'}
date=2023-11-25 14:31:19; duration=144.1628932952881; result={'actor': 'topic@topic11', 'isolate': False, 'persist': True, 'result': "Article 'ARTICLE:[...]' published", 'source': 'Source.NONE'}
date=2023-11-25 14:31:21; duration=80.16443252563477; result={'actor': 'topic@topic12', 'isolate': False, 'persist': True, 'result': "Article 'ARTICLE:[...]' published", 'source': 'Source.NONE'}
date=2023-11-25 14:31:23; duration=118.83783340454102; result={'actor': 'topic@topic13', 'isolate': False, 'persist': True, 'result': "Article 'ARTICLE:[...]' published", 'source': 'Source.NONE'}
date=2023-11-25 14:31:25; duration=67.36302375793457; result={'actor': 'topic@topic14', 'isolate': False, 'persist': True, 'result': "Article 'ARTICLE:[...]' published", 'source': 'Source.NONE'}
date=2023-11-25 14:31:27; duration=49.80325698852539; result={'actor': 'topic@topic15', 'isolate': False, 'persist': True, 'result': "Article 'ARTICLE:[...]' published", 'source': 'Source.NONE'}
date=2023-11-25 14:31:29; duration=107.17010498046875; result={'actor': 'topic@topic16', 'isolate': False, 'persist': True, 'result': "Article 'ARTICLE:[...]' published", 'source': 'Source.NONE'}
date=2023-11-25 14:31:31; duration=163.18130493164062; result={'actor': 'topic@topic17', 'isolate': False, 'persist': True, 'result': "Article 'ARTICLE:[...]' published", 'source': 'Source.NONE'}
date=2023-11-25 14:31:33; duration=147.63474464416504; result={'actor': 'topic@topic18', 'isolate': False, 'persist': True, 'result': "Article 'ARTICLE:[...]' published", 'source': 'Source.NONE'}
date=2023-11-25 14:31:36; duration=75.78825950622559; result={'actor': 'topic@topic19', 'isolate': False, 'persist': True, 'result': "Article 'ARTICLE:[...]' published", 'source': 'Source.NONE'}
date=2023-11-25 14:31:38; duration=118.38698387145996; result={'actor': 'topic@topic20', 'isolate': False, 'persist': True, 'result': "Article 'ARTICLE:[...]' published", 'source': 'Source.NONE'}
date=2023-11-25 14:31:40; duration=149.6593952178955; result={'actor': 'topic@topic21', 'isolate': False, 'persist': True, 'result': "Article 'ARTICLE:[...]' published", 'source': 'Source.NONE'}
date=2023-11-25 14:31:42; duration=146.02255821228027; result={'actor': 'topic@topic22', 'isolate': False, 'persist': True, 'result': "Article 'ARTICLE:[...]' published", 'source': 'Source.NONE'}
date=2023-11-25 14:31:44; duration=130.33461570739746; result={'actor': 'topic@topic23', 'isolate': False, 'persist': True, 'result': "Article 'ARTICLE:[...]' published", 'source': 'Source.NONE'}
date=2023-11-25 14:31:46; duration=164.7026538848877; result={'actor': 'topic@topic24', 'isolate': False, 'persist': True, 'result': "Article 'ARTICLE:[...]' published", 'source': 'Source.NONE'}
date=2023-11-25 14:31:48; duration=73.85540008544922; result={'actor': 'topic@topic25', 'isolate': False, 'persist': True, 'result': "Article 'ARTICLE:[...]' published", 'source': 'Source.NONE'}
date=2023-11-25 14:31:50; duration=124.17483329772949; result={'actor': 'topic@topic26', 'isolate': False, 'persist': True, 'result': "Article 'ARTICLE:[...]' published", 'source': 'Source.NONE'}
date=2023-11-25 14:31:53; duration=147.17841148376465; result={'actor': 'topic@topic27', 'isolate': False, 'persist': True, 'result': "Article 'ARTICLE:[...]' published", 'source': 'Source.NONE'}
date=2023-11-25 14:31:55; duration=146.9426155090332; result={'actor': 'topic@topic28', 'isolate': False, 'persist': True, 'result': "Article 'ARTICLE:[...]' published", 'source': 'Source.NONE'}
date=2023-11-25 14:31:57; duration=146.67654037475586; result={'actor': 'topic@topic29', 'isolate': False, 'persist': True, 'result': "Article 'ARTICLE:[...]' published", 'source': 'Source.NONE'}
date=2023-11-25 14:31:59; duration=153.5181999206543; result={'actor': 'topic@topic30', 'isolate': False, 'persist': True, 'result': "Article 'ARTICLE:[...]' published", 'source': 'Source.NONE'}
date=2023-11-25 14:32:01; duration=153.64909172058105; result={'actor': 'topic@topic31', 'isolate': False, 'persist': True, 'result': "Article 'ARTICLE:[...]' published", 'source': 'Source.NONE'}
date=2023-11-25 14:32:03; duration=122.64537811279297; result={'actor': 'topic@topic32', 'isolate': False, 'persist': True, 'result': "Article 'ARTICLE:[...]' published", 'source': 'Source.NONE'}
date=2023-11-25 14:32:06; duration=158.01525115966797; result={'actor': 'topic@topic33', 'isolate': False, 'persist': True, 'result': "Article 'ARTICLE:[...]' published", 'source': 'Source.NONE'}
date=2023-11-25 14:32:08; duration=256.1006546020508; result={'actor': 'topic@topic34', 'isolate': False, 'persist': True, 'result': "Article 'ARTICLE:[...]' published", 'source': 'Source.NONE'}
date=2023-11-25 14:32:10; duration=150.3767967224121; result={'actor': 'topic@topic35', 'isolate': False, 'persist': True, 'result': "Article 'ARTICLE:[...]' published", 'source': 'Source.NONE'}
date=2023-11-25 14:32:12; duration=137.58516311645508; result={'actor': 'topic@topic36', 'isolate': False, 'persist': True, 'result': "Article 'ARTICLE:[...]' published", 'source': 'Source.NONE'}
date=2023-11-25 14:32:14; duration=160.81786155700684; result={'actor': 'topic@topic37', 'isolate': False, 'persist': True, 'result': "Article 'ARTICLE:[...]' published", 'source': 'Source.NONE'}
date=2023-11-25 14:32:16; duration=70.54710388183594; result={'actor': 'topic@topic38', 'isolate': False, 'persist': True, 'result': "Article 'ARTICLE:[...]' published", 'source': 'Source.NONE'}
date=2023-11-25 14:32:18; duration=71.74229621887207; result={'actor': 'topic@topic39', 'isolate': False, 'persist': True, 'result': "Article 'ARTICLE:[...]' published", 'source': 'Source.NONE'}
date=2023-11-25 14:32:21; duration=83.22858810424805; result={'actor': 'topic@topic40', 'isolate': False, 'persist': True, 'result': "Article 'ARTICLE:[...]' published", 'source': 'Source.NONE'}
date=2023-11-25 14:32:23; duration=48.238277435302734; result={'actor': 'topic@topic41', 'isolate': False, 'persist': True, 'result': "Article 'ARTICLE:[...]' published", 'source': 'Source.NONE'}
date=2023-11-25 14:32:25; duration=144.64426040649414; result={'actor': 'topic@topic42', 'isolate': False, 'persist': True, 'result': "Article 'ARTICLE:[...]' published", 'source': 'Source.NONE'}
date=2023-11-25 14:32:27; duration=163.29312324523926; result={'actor': 'topic@topic43', 'isolate': False, 'persist': True, 'result': "Article 'ARTICLE:[...]' published", 'source': 'Source.NONE'}
date=2023-11-25 14:32:29; duration=81.74324035644531; result={'actor': 'topic@topic44', 'isolate': False, 'persist': True, 'result': "Article 'ARTICLE:[...]' published", 'source': 'Source.NONE'}
date=2023-11-25 14:32:31; duration=77.15010643005371; result={'actor': 'topic@topic45', 'isolate': False, 'persist': True, 'result': "Article 'ARTICLE:[...]' published", 'source': 'Source.NONE'}
date=2023-11-25 14:32:33; duration=81.03299140930176; result={'actor': 'topic@topic46', 'isolate': False, 'persist': True, 'result': "Article 'ARTICLE:[...]' published", 'source': 'Source.NONE'}
date=2023-11-25 14:32:35; duration=45.44878005981445; result={'actor': 'topic@topic47', 'isolate': False, 'persist': True, 'result': "Article 'ARTICLE:[...]' published", 'source': 'Source.NONE'}
date=2023-11-25 14:32:37; duration=77.09622383117676; result={'actor': 'topic@topic48', 'isolate': False, 'persist': True, 'result': "Article 'ARTICLE:[...]' published", 'source': 'Source.NONE'}
date=2023-11-25 14:32:39; duration=195.83582878112793; result={'actor': 'topic@topic49', 'isolate': False, 'persist': True, 'result': "Article 'ARTICLE:[...]' published", 'source': 'Source.NONE'}
date=2023-11-25 14:32:42; duration=56.99276924133301; result={'actor': 'topic@topic50', 'isolate': False, 'persist': True, 'result': "Article 'ARTICLE:[...]' published", 'source': 'Source.NONE'}
date=2023-11-25 14:32:44; duration=156.80527687072754; result={'actor': 'topic@topic51', 'isolate': False, 'persist': True, 'result': "Article 'ARTICLE:[...]' published", 'source': 'Source.NONE'}
date=2023-11-25 14:32:46; duration=151.56269073486328; result={'actor': 'topic@topic52', 'isolate': False, 'persist': True, 'result': "Article 'ARTICLE:[...]' published", 'source': 'Source.NONE'}
date=2023-11-25 14:32:48; duration=152.71258354187012; result={'actor': 'topic@topic53', 'isolate': False, 'persist': True, 'result': "Article 'ARTICLE:[...]' published", 'source': 'Source.NONE'}
date=2023-11-25 14:32:50; duration=127.79951095581055; result={'actor': 'topic@topic54', 'isolate': False, 'persist': True, 'result': "Article 'ARTICLE:[...]' published", 'source': 'Source.NONE'}
date=2023-11-25 14:32:52; duration=50.51612854003906; result={'actor': 'topic@topic55', 'isolate': False, 'persist': True, 'result': "Article 'ARTICLE:[...]' published", 'source': 'Source.NONE'}
date=2023-11-25 14:32:54; duration=144.84453201293945; result={'actor': 'topic@topic56', 'isolate': False, 'persist': True, 'result': "Article 'ARTICLE:[...]' published", 'source': 'Source.NONE'}
date=2023-11-25 14:32:56; duration=160.34388542175293; result={'actor': 'topic@topic57', 'isolate': False, 'persist': True, 'result': "Article 'ARTICLE:[...]' published", 'source': 'Source.NONE'}
date=2023-11-25 14:32:59; duration=149.7669219970703; result={'actor': 'topic@topic58', 'isolate': False, 'persist': True, 'result': "Article 'ARTICLE:[...]' published", 'source': 'Source.NONE'}
date=2023-11-25 14:33:01; duration=73.46749305725098; result={'actor': 'topic@topic59', 'isolate': False, 'persist': True, 'result': "Article 'ARTICLE:[...]' published", 'source': 'Source.NONE'}
date=2023-11-25 14:33:03; duration=119.83132362365723; result={'actor': 'topic@topic60', 'isolate': False, 'persist': True, 'result': "Article 'ARTICLE:[...]' published", 'source': 'Source.NONE'}
date=2023-11-25 14:33:05; duration=153.03730964660645; result={'actor': 'topic@topic61', 'isolate': False, 'persist': True, 'result': "Article 'ARTICLE:[...]' published", 'source': 'Source.NONE'}
date=2023-11-25 14:33:07; duration=76.2331485748291; result={'actor': 'topic@topic62', 'isolate': False, 'persist': True, 'result': "Article 'ARTICLE:[...]' published", 'source': 'Source.NONE'}
date=2023-11-25 14:33:09; duration=117.52152442932129; result={'actor': 'topic@topic63', 'isolate': False, 'persist': True, 'result': "Article 'ARTICLE:[...]' published", 'source': 'Source.NONE'}
date=2023-11-25 14:33:11; duration=366.4438724517822; result={'actor': 'topic@topic64', 'isolate': False, 'persist': True, 'result': "Article 'ARTICLE:[...]' published", 'source': 'Source.NONE'}
date=2023-11-25 14:33:14; duration=81.91585540771484; result={'actor': 'topic@topic65', 'isolate': False, 'persist': True, 'result': "Article 'ARTICLE:[...]' published", 'source': 'Source.NONE'}
date=2023-11-25 14:33:16; duration=85.37030220031738; result={'actor': 'topic@topic66', 'isolate': False, 'persist': True, 'result': "Article 'ARTICLE:[...]' published", 'source': 'Source.NONE'}
date=2023-11-25 14:33:18; duration=78.82142066955566; result={'actor': 'topic@topic67', 'isolate': False, 'persist': True, 'result': "Article 'ARTICLE:[...]' published", 'source': 'Source.NONE'}
date=2023-11-25 14:33:20; duration=81.26688003540039; result={'actor': 'topic@topic68', 'isolate': False, 'persist': True, 'result': "Article 'ARTICLE:[...]' published", 'source': 'Source.NONE'}
date=2023-11-25 14:33:22; duration=79.47897911071777; result={'actor': 'topic@topic69', 'isolate': False, 'persist': True, 'result': "Article 'ARTICLE:[...]' published", 'source': 'Source.NONE'}
date=2023-11-25 14:33:24; duration=161.4692211151123; result={'actor': 'topic@topic70', 'isolate': False, 'persist': True, 'result': "Article 'ARTICLE:[...]' published", 'source': 'Source.NONE'}
date=2023-11-25 14:33:26; duration=147.89390563964844; result={'actor': 'topic@topic71', 'isolate': False, 'persist': True, 'result': "Article 'ARTICLE:[...]' published", 'source': 'Source.NONE'}
date=2023-11-25 14:33:28; duration=132.89403915405273; result={'actor': 'topic@topic72', 'isolate': False, 'persist': True, 'result': "Article 'ARTICLE:[...]' published", 'source': 'Source.NONE'}
date=2023-11-25 14:33:30; duration=165.8768653869629; result={'actor': 'topic@topic73', 'isolate': False, 'persist': True, 'result': "Article 'ARTICLE:[...]' published", 'source': 'Source.NONE'}
date=2023-11-25 14:33:33; duration=74.5089054107666; result={'actor': 'topic@topic74', 'isolate': False, 'persist': True, 'result': "Article 'ARTICLE:[...]' published", 'source': 'Source.NONE'}
date=2023-11-25 14:33:35; duration=116.25027656555176; result={'actor': 'topic@topic75', 'isolate': False, 'persist': True, 'result': "Article 'ARTICLE:[...]' published", 'source': 'Source.NONE'}
date=2023-11-25 14:33:37; duration=82.65566825866699; result={'actor': 'topic@topic76', 'isolate': False, 'persist': True, 'result': "Article 'ARTICLE:[...]' published", 'source': 'Source.NONE'}
date=2023-11-25 14:33:39; duration=66.24126434326172; result={'actor': 'topic@topic77', 'isolate': False, 'persist': True, 'result': "Article 'ARTICLE:[...]' published", 'source': 'Source.NONE'}
date=2023-11-25 14:33:41; duration=89.40553665161133; result={'actor': 'topic@topic78', 'isolate': False, 'persist': True, 'result': "Article 'ARTICLE:[...]' published", 'source': 'Source.NONE'}
date=2023-11-25 14:33:43; duration=149.80578422546387; result={'actor': 'topic@topic79', 'isolate': False, 'persist': True, 'result': "Article 'ARTICLE:[...]' published", 'source': 'Source.NONE'}
date=2023-11-25 14:33:45; duration=144.8366641998291; result={'actor': 'topic@topic80', 'isolate': False, 'persist': True, 'result': "Article 'ARTICLE:[...]' published", 'source': 'Source.NONE'}
date=2023-11-25 14:33:47; duration=153.5170078277588; result={'actor': 'topic@topic81', 'isolate': False, 'persist': True, 'result': "Article 'ARTICLE:[...]' published", 'source': 'Source.NONE'}
date=2023-11-25 14:33:50; duration=146.6200351715088; result={'actor': 'topic@topic82', 'isolate': False, 'persist': True, 'result': "Article 'ARTICLE:[...]' published", 'source': 'Source.NONE'}
date=2023-11-25 14:33:52; duration=173.94542694091797; result={'actor': 'topic@topic83', 'isolate': False, 'persist': True, 'result': "Article 'ARTICLE:[...]' published", 'source': 'Source.NONE'}
date=2023-11-25 14:33:54; duration=123.14009666442871; result={'actor': 'topic@topic84', 'isolate': False, 'persist': True, 'result': "Article 'ARTICLE:[...]' published", 'source': 'Source.NONE'}
date=2023-11-25 14:33:56; duration=143.0649757385254; result={'actor': 'topic@topic85', 'isolate': False, 'persist': True, 'result': "Article 'ARTICLE:[...]' published", 'source': 'Source.NONE'}
date=2023-11-25 14:33:58; duration=153.61618995666504; result={'actor': 'topic@topic86', 'isolate': False, 'persist': True, 'result': "Article 'ARTICLE:[...]' published", 'source': 'Source.NONE'}
date=2023-11-25 14:34:00; duration=144.76823806762695; result={'actor': 'topic@topic87', 'isolate': False, 'persist': True, 'result': "Article 'ARTICLE:[...]' published", 'source': 'Source.NONE'}
date=2023-11-25 14:34:02; duration=146.79908752441406; result={'actor': 'topic@topic88', 'isolate': False, 'persist': True, 'result': "Article 'ARTICLE:[...]' published", 'source': 'Source.NONE'}
date=2023-11-25 14:34:05; duration=151.41868591308594; result={'actor': 'topic@topic89', 'isolate': False, 'persist': True, 'result': "Article 'ARTICLE:[...]' published", 'source': 'Source.NONE'}
date=2023-11-25 14:34:07; duration=70.5564022064209; result={'actor': 'topic@topic90', 'isolate': False, 'persist': True, 'result': "Article 'ARTICLE:[...]' published", 'source': 'Source.NONE'}
date=2023-11-25 14:34:09; duration=119.26007270812988; result={'actor': 'topic@topic91', 'isolate': False, 'persist': True, 'result': "Article 'ARTICLE:[...]' published", 'source': 'Source.NONE'}
date=2023-11-25 14:34:11; duration=79.8799991607666; result={'actor': 'topic@topic92', 'isolate': False, 'persist': True, 'result': "Article 'ARTICLE:[...]' published", 'source': 'Source.NONE'}
date=2023-11-25 14:34:13; duration=102.96869277954102; result={'actor': 'topic@topic93', 'isolate': False, 'persist': True, 'result': "Article 'ARTICLE:[...]' published", 'source': 'Source.NONE'}
date=2023-11-25 14:34:15; duration=147.39584922790527; result={'actor': 'topic@topic94', 'isolate': False, 'persist': True, 'result': "Article 'ARTICLE:[...]' published", 'source': 'Source.NONE'}
date=2023-11-25 14:34:17; duration=164.73388671875; result={'actor': 'topic@topic95', 'isolate': False, 'persist': True, 'result': "Article 'ARTICLE:[...]' published", 'source': 'Source.NONE'}
date=2023-11-25 14:34:19; duration=78.16433906555176; result={'actor': 'topic@topic96', 'isolate': False, 'persist': True, 'result': "Article 'ARTICLE:[...]' published", 'source': 'Source.NONE'}
date=2023-11-25 14:34:22; duration=113.8758659362793; result={'actor': 'topic@topic97', 'isolate': False, 'persist': True, 'result': "Article 'ARTICLE:[...]' published", 'source': 'Source.NONE'}
date=2023-11-25 14:34:24; duration=150.73800086975098; result={'actor': 'topic@topic98', 'isolate': False, 'persist': True, 'result': "Article 'ARTICLE:[...]' published", 'source': 'Source.NONE'}
date=2023-11-25 14:34:26; duration=81.79569244384766; result={'actor': 'topic@topic99', 'isolate': False, 'persist': True, 'result': "Article 'ARTICLE:[...]' published", 'source': 'Source.NONE'}
date=2023-11-25 14:34:28; duration=109.74717140197754; result={'actor': 'topic@topic100', 'isolate': False, 'persist': True, 'result': "Article 'ARTICLE:[...]' published", 'source': 'Source.NONE'}
date=2023-11-25 14:34:30; duration=145.1117992401123; result={'actor': 'topic@topic101', 'isolate': False, 'persist': True, 'result': "Article 'ARTICLE:[...]' published", 'source': 'Source.NONE'}
date=2023-11-25 14:34:32; duration=151.81803703308105; result={'actor': 'topic@topic102', 'isolate': False, 'persist': True, 'result': "Article 'ARTICLE:[...]' published", 'source': 'Source.NONE'}
date=2023-11-25 14:34:34; duration=147.70221710205078; result={'actor': 'topic@topic103', 'isolate': False, 'persist': True, 'result': "Article 'ARTICLE:[...]' published", 'source': 'Source.NONE'}
date=2023-11-25 14:34:36; duration=138.58985900878906; result={'actor': 'topic@topic104', 'isolate': False, 'persist': True, 'result': "Article 'ARTICLE:[...]' published", 'source': 'Source.NONE'}
date=2023-11-25 14:34:39; duration=159.3313217163086; result={'actor': 'topic@topic105', 'isolate': False, 'persist': True, 'result': "Article 'ARTICLE:[...]' published", 'source': 'Source.NONE'}
date=2023-11-25 14:34:41; duration=135.10847091674805; result={'actor': 'topic@topic106', 'isolate': False, 'persist': True, 'result': "Article 'ARTICLE:[...]' published", 'source': 'Source.NONE'}
date=2023-11-25 14:34:43; duration=157.00054168701172; result={'actor': 'topic@topic107', 'isolate': False, 'persist': True, 'result': "Article 'ARTICLE:[...]' published", 'source': 'Source.NONE'}
date=2023-11-25 14:34:45; duration=133.5749626159668; result={'actor': 'topic@topic108', 'isolate': False, 'persist': True, 'result': "Article 'ARTICLE:[...]' published", 'source': 'Source.NONE'}
date=2023-11-25 14:34:47; duration=167.73676872253418; result={'actor': 'topic@topic109', 'isolate': False, 'persist': True, 'result': "Article 'ARTICLE:[...]' published", 'source': 'Source.NONE'}
date=2023-11-25 14:34:49; duration=146.2416648864746; result={'actor': 'topic@topic110', 'isolate': False, 'persist': True, 'result': "Article 'ARTICLE:[...]' published", 'source': 'Source.NONE'}
date=2023-11-25 14:34:52; duration=151.18145942687988; result={'actor': 'topic@topic111', 'isolate': False, 'persist': True, 'result': "Article 'ARTICLE:[...]' published", 'source': 'Source.NONE'}
date=2023-11-25 14:34:54; duration=135.3912353515625; result={'actor': 'topic@topic112', 'isolate': False, 'persist': True, 'result': "Article 'ARTICLE:[...]' published", 'source': 'Source.NONE'}
date=2023-11-25 14:34:56; duration=156.97860717773438; result={'actor': 'topic@topic113', 'isolate': False, 'persist': True, 'result': "Article 'ARTICLE:[...]' published", 'source': 'Source.NONE'}
date=2023-11-25 14:34:58; duration=152.55022048950195; result={'actor': 'topic@topic114', 'isolate': False, 'persist': True, 'result': "Article 'ARTICLE:[...]' published", 'source': 'Source.NONE'}
date=2023-11-25 14:35:00; duration=132.77935981750488; result={'actor': 'topic@topic115', 'isolate': False, 'persist': True, 'result': "Article 'ARTICLE:[...]' published", 'source': 'Source.NONE'}
date=2023-11-25 14:35:02; duration=162.8255844116211; result={'actor': 'topic@topic116', 'isolate': False, 'persist': True, 'result': "Article 'ARTICLE:[...]' published", 'source': 'Source.NONE'}
date=2023-11-25 14:35:04; duration=140.14458656311035; result={'actor': 'topic@topic117', 'isolate': False, 'persist': True, 'result': "Article 'ARTICLE:[...]' published", 'source': 'Source.NONE'}
date=2023-11-25 14:35:07; duration=135.55335998535156; result={'actor': 'topic@topic118', 'isolate': False, 'persist': True, 'result': "Article 'ARTICLE:[...]' published", 'source': 'Source.NONE'}
date=2023-11-25 14:35:09; duration=81.6504955291748; result={'actor': 'topic@topic119', 'isolate': False, 'persist': True, 'result': "Article 'ARTICLE:[...]' published", 'source': 'Source.NONE'}
date=2023-11-25 14:35:11; duration=72.19982147216797; result={'actor': 'topic@topic120', 'isolate': False, 'persist': True, 'result': "Article 'ARTICLE:[...]' published", 'source': 'Source.NONE'}
date=2023-11-25 14:35:13; duration=97.53537178039551; result={'actor': 'topic@topic121', 'isolate': False, 'persist': True, 'result': "Article 'ARTICLE:[...]' published", 'source': 'Source.NONE'}
date=2023-11-25 14:35:15; duration=159.8222255706787; result={'actor': 'topic@topic122', 'isolate': False, 'persist': True, 'result': "Article 'ARTICLE:[...]' published", 'source': 'Source.NONE'}
date=2023-11-25 14:35:17; duration=72.98707962036133; result={'actor': 'topic@topic123', 'isolate': False, 'persist': True, 'result': "Article 'ARTICLE:[...]' published", 'source': 'Source.NONE'}
date=2023-11-25 14:35:19; duration=139.67585563659668; result={'actor': 'topic@topic124', 'isolate': False, 'persist': True, 'result': "Article 'ARTICLE:[...]' published", 'source': 'Source.NONE'}
date=2023-11-25 14:35:21; duration=165.3444766998291; result={'actor': 'topic@topic125', 'isolate': False, 'persist': True, 'result': "Article 'ARTICLE:[...]' published", 'source': 'Source.NONE'}
date=2023-11-25 14:35:23; duration=76.19166374206543; result={'actor': 'topic@topic126', 'isolate': False, 'persist': True, 'result': "Article 'ARTICLE:[...]' published", 'source': 'Source.NONE'}
date=2023-11-25 14:35:26; duration=79.05125617980957; result={'actor': 'topic@topic127', 'isolate': False, 'persist': True, 'result': "Article 'ARTICLE:[...]' published", 'source': 'Source.NONE'}
date=2023-11-25 14:35:28; duration=120.96595764160156; result={'actor': 'topic@topic128', 'isolate': False, 'persist': True, 'result': "Article 'ARTICLE:[...]' published", 'source': 'Source.NONE'}
date=2023-11-25 14:35:30; duration=52.31118202209473; result={'actor': 'topic@topic129', 'isolate': False, 'persist': True, 'result': "Article 'ARTICLE:[...]' published", 'source': 'Source.NONE'}
date=2023-11-25 14:35:32; duration=158.16426277160645; result={'actor': 'topic@topic130', 'isolate': False, 'persist': True, 'result': "Article 'ARTICLE:[...]' published", 'source': 'Source.NONE'}
date=2023-11-25 14:35:34; duration=75.12092590332031; result={'actor': 'topic@topic131', 'isolate': False, 'persist': True, 'result': "Article 'ARTICLE:[...]' published", 'source': 'Source.NONE'}
date=2023-11-25 14:35:36; duration=130.68747520446777; result={'actor': 'topic@topic132', 'isolate': False, 'persist': True, 'result': "Article 'ARTICLE:[...]' published", 'source': 'Source.NONE'}
date=2023-11-25 14:35:38; duration=132.18021392822266; result={'actor': 'topic@topic133', 'isolate': False, 'persist': True, 'result': "Article 'ARTICLE:[...]' published", 'source': 'Source.NONE'}
date=2023-11-25 14:35:40; duration=36.490678787231445; result={'actor': 'topic@topic134', 'isolate': False, 'persist': True, 'result': "Article 'ARTICLE:[...]' published", 'source': 'Source.NONE'}
date=2023-11-25 14:35:42; duration=162.4743938446045; result={'actor': 'topic@topic135', 'isolate': False, 'persist': True, 'result': "Article 'ARTICLE:[...]' published", 'source': 'Source.NONE'}
date=2023-11-25 14:35:45; duration=163.0237102508545; result={'actor': 'topic@topic136', 'isolate': False, 'persist': True, 'result': "Article 'ARTICLE:[...]' published", 'source': 'Source.NONE'}
date=2023-11-25 14:35:47; duration=142.4579620361328; result={'actor': 'topic@topic137', 'isolate': False, 'persist': True, 'result': "Article 'ARTICLE:[...]' published", 'source': 'Source.NONE'}
date=2023-11-25 14:35:49; duration=75.74081420898438; result={'actor': 'topic@topic138', 'isolate': False, 'persist': True, 'result': "Article 'ARTICLE:[...]' published", 'source': 'Source.NONE'}
date=2023-11-25 14:35:51; duration=114.15886878967285; result={'actor': 'topic@topic139', 'isolate': False, 'persist': True, 'result': "Article 'ARTICLE:[...]' published", 'source': 'Source.NONE'}
date=2023-11-25 14:35:53; duration=149.1551399230957; result={'actor': 'topic@topic140', 'isolate': False, 'persist': True, 'result': "Article 'ARTICLE:[...]' published", 'source': 'Source.NONE'}
date=2023-11-25 14:35:55; duration=133.04710388183594; result={'actor': 'topic@topic141', 'isolate': False, 'persist': True, 'result': "Article 'ARTICLE:[...]' published", 'source': 'Source.NONE'}
date=2023-11-25 14:35:57; duration=157.1669578552246; result={'actor': 'topic@topic142', 'isolate': False, 'persist': True, 'result': "Article 'ARTICLE:[...]' published", 'source': 'Source.NONE'}
date=2023-11-25 14:35:59; duration=73.17256927490234; result={'actor': 'topic@topic143', 'isolate': False, 'persist': True, 'result': "Article 'ARTICLE:[...]' published", 'source': 'Source.NONE'}
date=2023-11-25 14:36:02; duration=135.2541446685791; result={'actor': 'topic@topic144', 'isolate': False, 'persist': True, 'result': "Article 'ARTICLE:[...]' published", 'source': 'Source.NONE'}
date=2023-11-25 14:36:04; duration=72.38602638244629; result={'actor': 'topic@topic145', 'isolate': False, 'persist': True, 'result': "Article 'ARTICLE:[...]' published", 'source': 'Source.NONE'}
date=2023-11-25 14:36:06; duration=127.48551368713379; result={'actor': 'topic@topic146', 'isolate': False, 'persist': True, 'result': "Article 'ARTICLE:[...]' published", 'source': 'Source.NONE'}
date=2023-11-25 14:36:08; duration=62.819719314575195; result={'actor': 'topic@topic147', 'isolate': False, 'persist': True, 'result': "Article 'ARTICLE:[...]' published", 'source': 'Source.NONE'}
date=2023-11-25 14:36:10; duration=124.3293285369873; result={'actor': 'topic@topic148', 'isolate': False, 'persist': True, 'result': "Article 'ARTICLE:[...]' published", 'source': 'Source.NONE'}
date=2023-11-25 14:36:12; duration=153.35655212402344; result={'actor': 'topic@topic149', 'isolate': False, 'persist': True, 'result': "Article 'ARTICLE:[...]' published", 'source': 'Source.NONE'}
date=2023-11-25 14:36:14; duration=151.38483047485352; result={'actor': 'topic@topic150', 'isolate': False, 'persist': True, 'result': "Article 'ARTICLE:[...]' published", 'source': 'Source.NONE'}
date=2023-11-25 14:36:16; duration=132.6906681060791; result={'actor': 'topic@topic151', 'isolate': False, 'persist': True, 'result': "Article 'ARTICLE:[...]' published", 'source': 'Source.NONE'}
date=2023-11-25 14:36:19; duration=115.54813385009766; result={'actor': 'topic@topic152', 'isolate': False, 'persist': True, 'result': "Article 'ARTICLE:[...]' published", 'source': 'Source.NONE'}
date=2023-11-25 14:36:21; duration=82.57722854614258; result={'actor': 'topic@topic153', 'isolate': False, 'persist': True, 'result': "Article 'ARTICLE:[...]' published", 'source': 'Source.NONE'}
date=2023-11-25 14:36:23; duration=49.47257041931152; result={'actor': 'topic@topic154', 'isolate': False, 'persist': True, 'result': "Article 'ARTICLE:[...]' published", 'source': 'Source.NONE'}
date=2023-11-25 14:36:25; duration=145.82180976867676; result={'actor': 'topic@topic155', 'isolate': False, 'persist': True, 'result': "Article 'ARTICLE:[...]' published", 'source': 'Source.NONE'}
date=2023-11-25 14:36:27; duration=68.10593605041504; result={'actor': 'topic@topic156', 'isolate': False, 'persist': True, 'result': "Article 'ARTICLE:[...]' published", 'source': 'Source.NONE'}
date=2023-11-25 14:36:29; duration=128.01456451416016; result={'actor': 'topic@topic157', 'isolate': False, 'persist': True, 'result': "Article 'ARTICLE:[...]' published", 'source': 'Source.NONE'}
date=2023-11-25 14:36:31; duration=75.23441314697266; result={'actor': 'topic@topic158', 'isolate': False, 'persist': True, 'result': "Article 'ARTICLE:[...]' published", 'source': 'Source.NONE'}
date=2023-11-25 14:36:33; duration=122.49422073364258; result={'actor': 'topic@topic159', 'isolate': False, 'persist': True, 'result': "Article 'ARTICLE:[...]' published", 'source': 'Source.NONE'}
date=2023-11-25 14:36:35; duration=45.23181915283203; result={'actor': 'topic@topic160', 'isolate': False, 'persist': True, 'result': "Article 'ARTICLE:[...]' published", 'source': 'Source.NONE'}
date=2023-11-25 14:36:37; duration=142.51112937927246; result={'actor': 'topic@topic161', 'isolate': False, 'persist': True, 'result': "Article 'ARTICLE:[...]' published", 'source': 'Source.NONE'}
date=2023-11-25 14:36:40; duration=156.89349174499512; result={'actor': 'topic@topic162', 'isolate': False, 'persist': True, 'result': "Article 'ARTICLE:[...]' published", 'source': 'Source.NONE'}
date=2023-11-25 14:36:42; duration=141.22724533081055; result={'actor': 'topic@topic163', 'isolate': False, 'persist': True, 'result': "Article 'ARTICLE:[...]' published", 'source': 'Source.NONE'}
date=2023-11-25 14:36:44; duration=148.36502075195312; result={'actor': 'topic@topic164', 'isolate': False, 'persist': True, 'result': "Article 'ARTICLE:[...]' published", 'source': 'Source.NONE'}
date=2023-11-25 14:36:46; duration=59.848785400390625; result={'actor': 'topic@topic165', 'isolate': False, 'persist': True, 'result': "Article 'ARTICLE:[...]' published", 'source': 'Source.NONE'}
date=2023-11-25 14:36:48; duration=129.6679973602295; result={'actor': 'topic@topic166', 'isolate': False, 'persist': True, 'result': "Article 'ARTICLE:[...]' published", 'source': 'Source.NONE'}
date=2023-11-25 14:36:50; duration=159.90948677062988; result={'actor': 'topic@topic167', 'isolate': False, 'persist': True, 'result': "Article 'ARTICLE:[...]' published", 'source': 'Source.NONE'}
date=2023-11-25 14:36:52; duration=142.75836944580078; result={'actor': 'topic@topic168', 'isolate': False, 'persist': True, 'result': "Article 'ARTICLE:[...]' published", 'source': 'Source.NONE'}
date=2023-11-25 14:36:54; duration=136.3980770111084; result={'actor': 'topic@topic169', 'isolate': False, 'persist': True, 'result': "Article 'ARTICLE:[...]' published", 'source': 'Source.NONE'}
date=2023-11-25 14:36:57; duration=156.1429500579834; result={'actor': 'topic@topic170', 'isolate': False, 'persist': True, 'result': "Article 'ARTICLE:[...]' published", 'source': 'Source.NONE'}
date=2023-11-25 14:36:59; duration=82.1535587310791; result={'actor': 'topic@topic171', 'isolate': False, 'persist': True, 'result': "Article 'ARTICLE:[...]' published", 'source': 'Source.NONE'}
date=2023-11-25 14:37:01; duration=112.57147789001465; result={'actor': 'topic@topic172', 'isolate': False, 'persist': True, 'result': "Article 'ARTICLE:[...]' published", 'source': 'Source.NONE'}
date=2023-11-25 14:37:03; duration=148.28991889953613; result={'actor': 'topic@topic173', 'isolate': False, 'persist': True, 'result': "Article 'ARTICLE:[...]' published", 'source': 'Source.NONE'}
date=2023-11-25 14:37:05; duration=131.46042823791504; result={'actor': 'topic@topic174', 'isolate': False, 'persist': True, 'result': "Article 'ARTICLE:[...]' published", 'source': 'Source.NONE'}
date=2023-11-25 14:37:07; duration=78.92274856567383; result={'actor': 'topic@topic175', 'isolate': False, 'persist': True, 'result': "Article 'ARTICLE:[...]' published", 'source': 'Source.NONE'}
date=2023-11-25 14:37:09; duration=76.08580589294434; result={'actor': 'topic@topic176', 'isolate': False, 'persist': True, 'result': "Article 'ARTICLE:[...]' published", 'source': 'Source.NONE'}
date=2023-11-25 14:37:11; duration=96.60720825195312; result={'actor': 'topic@topic177', 'isolate': False, 'persist': True, 'result': "Article 'ARTICLE:[...]' published", 'source': 'Source.NONE'}
date=2023-11-25 14:37:14; duration=152.56547927856445; result={'actor': 'topic@topic178', 'isolate': False, 'persist': True, 'result': "Article 'ARTICLE:[...]' published", 'source': 'Source.NONE'}
date=2023-11-25 14:37:16; duration=154.2959213256836; result={'actor': 'topic@topic179', 'isolate': False, 'persist': True, 'result': "Article 'ARTICLE:[...]' published", 'source': 'Source.NONE'}
date=2023-11-25 14:37:18; duration=138.41748237609863; result={'actor': 'topic@topic180', 'isolate': False, 'persist': True, 'result': "Article 'ARTICLE:[...]' published", 'source': 'Source.NONE'}
date=2023-11-25 14:37:20; duration=140.75469970703125; result={'actor': 'topic@topic181', 'isolate': False, 'persist': True, 'result': "Article 'ARTICLE:[...]' published", 'source': 'Source.NONE'}
date=2023-11-25 14:37:22; duration=78.27401161193848; result={'actor': 'topic@topic182', 'isolate': False, 'persist': True, 'result': "Article 'ARTICLE:[...]' published", 'source': 'Source.NONE'}
date=2023-11-25 14:37:24; duration=67.69323348999023; result={'actor': 'topic@topic183', 'isolate': False, 'persist': True, 'result': "Article 'ARTICLE:[...]' published", 'source': 'Source.NONE'}
date=2023-11-25 14:37:26; duration=103.93142700195312; result={'actor': 'topic@topic184', 'isolate': False, 'persist': True, 'result': "Article 'ARTICLE:[...]' published", 'source': 'Source.NONE'}
date=2023-11-25 14:37:28; duration=146.23236656188965; result={'actor': 'topic@topic185', 'isolate': False, 'persist': True, 'result': "Article 'ARTICLE:[...]' published", 'source': 'Source.NONE'}
date=2023-11-25 14:37:31; duration=149.52969551086426; result={'actor': 'topic@topic186', 'isolate': False, 'persist': True, 'result': "Article 'ARTICLE:[...]' published", 'source': 'Source.NONE'}
date=2023-11-25 14:37:33; duration=140.53034782409668; result={'actor': 'topic@topic187', 'isolate': False, 'persist': True, 'result': "Article 'ARTICLE:[...]' published", 'source': 'Source.NONE'}
date=2023-11-25 14:37:35; duration=152.72808074951172; result={'actor': 'topic@topic188', 'isolate': False, 'persist': True, 'result': "Article 'ARTICLE:[...]' published", 'source': 'Source.NONE'}
date=2023-11-25 14:37:37; duration=71.69270515441895; result={'actor': 'topic@topic189', 'isolate': False, 'persist': True, 'result': "Article 'ARTICLE:[...]' published", 'source': 'Source.NONE'}
date=2023-11-25 14:37:39; duration=64.4071102142334; result={'actor': 'topic@topic190', 'isolate': False, 'persist': True, 'result': "Article 'ARTICLE:[...]' published", 'source': 'Source.NONE'}
date=2023-11-25 14:37:41; duration=112.0598316192627; result={'actor': 'topic@topic191', 'isolate': False, 'persist': True, 'result': "Article 'ARTICLE:[...]' published", 'source': 'Source.NONE'}
date=2023-11-25 14:37:43; duration=71.75993919372559; result={'actor': 'topic@topic192', 'isolate': False, 'persist': True, 'result': "Article 'ARTICLE:[...]' published", 'source': 'Source.NONE'}
date=2023-11-25 14:37:45; duration=123.17323684692383; result={'actor': 'topic@topic193', 'isolate': False, 'persist': True, 'result': "Article 'ARTICLE:[...]' published", 'source': 'Source.NONE'}
date=2023-11-25 14:37:47; duration=153.02515029907227; result={'actor': 'topic@topic194', 'isolate': False, 'persist': True, 'result': "Article 'ARTICLE:[...]' published", 'source': 'Source.NONE'}
date=2023-11-25 14:37:50; duration=153.7759304046631; result={'actor': 'topic@topic195', 'isolate': False, 'persist': True, 'result': "Article 'ARTICLE:[...]' published", 'source': 'Source.NONE'}
date=2023-11-25 14:37:52; duration=75.36673545837402; result={'actor': 'topic@topic196', 'isolate': False, 'persist': True, 'result': "Article 'ARTICLE:[...]' published", 'source': 'Source.NONE'}
date=2023-11-25 14:37:54; duration=105.49116134643555; result={'actor': 'topic@topic197', 'isolate': False, 'persist': True, 'result': "Article 'ARTICLE:[...]' published", 'source': 'Source.NONE'}
date=2023-11-25 14:37:56; duration=72.72076606750488; result={'actor': 'topic@topic198', 'isolate': False, 'persist': True, 'result': "Article 'ARTICLE:[...]' published", 'source': 'Source.NONE'}
date=2023-11-25 14:37:58; duration=120.70178985595703; result={'actor': 'topic@topic199', 'isolate': False, 'persist': True, 'result': "Article 'ARTICLE:[...]' published", 'source': 'Source.NONE'}
date=2023-11-25 14:38:00; duration=134.34672355651855; result={'actor': 'topic@topic200', 'isolate': False, 'persist': True, 'result': "Article 'ARTICLE:[...]' published", 'source': 'Source.NONE'}
date=2023-11-25 14:38:02; duration=160.49432754516602; result={'actor': 'topic@topic201', 'isolate': False, 'persist': True, 'result': "Article 'ARTICLE:[...]' published", 'source': 'Source.NONE'}
date=2023-11-25 14:38:04; duration=160.8729362487793; result={'actor': 'topic@topic202', 'isolate': False, 'persist': True, 'result': "Article 'ARTICLE:[...]' published", 'source': 'Source.NONE'}
date=2023-11-25 14:38:07; duration=94.10476684570312; result={'actor': 'topic@topic203', 'isolate': False, 'persist': True, 'result': "Article 'ARTICLE:[...]' published", 'source': 'Source.NONE'}
date=2023-11-25 14:38:09; duration=87.29696273803711; result={'actor': 'topic@topic204', 'isolate': False, 'persist': True, 'result': "Article 'ARTICLE:[...]' published", 'source': 'Source.NONE'}
date=2023-11-25 14:38:11; duration=69.17977333068848; result={'actor': 'topic@topic205', 'isolate': False, 'persist': True, 'result': "Article 'ARTICLE:[...]' published", 'source': 'Source.NONE'}
date=2023-11-25 14:38:13; duration=135.1327896118164; result={'actor': 'topic@topic206', 'isolate': False, 'persist': True, 'result': "Article 'ARTICLE:[...]' published", 'source': 'Source.NONE'}
date=2023-11-25 14:38:15; duration=137.4971866607666; result={'actor': 'topic@topic207', 'isolate': False, 'persist': True, 'result': "Article 'ARTICLE:[...]' published", 'source': 'Source.NONE'}
date=2023-11-25 14:38:17; duration=151.1514186859131; result={'actor': 'topic@topic208', 'isolate': False, 'persist': True, 'result': "Article 'ARTICLE:[...]' published", 'source': 'Source.NONE'}
date=2023-11-25 14:38:19; duration=145.3087329864502; result={'actor': 'topic@topic209', 'isolate': False, 'persist': True, 'result': "Article 'ARTICLE:[...]' published", 'source': 'Source.NONE'}
date=2023-11-25 14:38:21; duration=152.7688503265381; result={'actor': 'topic@topic210', 'isolate': False, 'persist': True, 'result': "Article 'ARTICLE:[...]' published", 'source': 'Source.NONE'}
date=2023-11-25 14:38:24; duration=80.9478759765625; result={'actor': 'topic@topic211', 'isolate': False, 'persist': True, 'result': "Article 'ARTICLE:[...]' published", 'source': 'Source.NONE'}
date=2023-11-25 14:38:26; duration=116.35613441467285; result={'actor': 'topic@topic212', 'isolate': False, 'persist': True, 'result': "Article 'ARTICLE:[...]' published", 'source': 'Source.NONE'}
date=2023-11-25 14:38:28; duration=148.45657348632812; result={'actor': 'topic@topic213', 'isolate': False, 'persist': True, 'result': "Article 'ARTICLE:[...]' published", 'source': 'Source.NONE'}
date=2023-11-25 14:38:30; duration=80.95574378967285; result={'actor': 'topic@topic214', 'isolate': False, 'persist': True, 'result': "Article 'ARTICLE:[...]' published", 'source': 'Source.NONE'}
date=2023-11-25 14:38:32; duration=104.33292388916016; result={'actor': 'topic@topic215', 'isolate': False, 'persist': True, 'result': "Article 'ARTICLE:[...]' published", 'source': 'Source.NONE'}
date=2023-11-25 14:38:34; duration=76.55978202819824; result={'actor': 'topic@topic216', 'isolate': False, 'persist': True, 'result': "Article 'ARTICLE:[...]' published", 'source': 'Source.NONE'}
date=2023-11-25 14:38:36; duration=124.93085861206055; result={'actor': 'topic@topic217', 'isolate': False, 'persist': True, 'result': "Article 'ARTICLE:[...]' published", 'source': 'Source.NONE'}
date=2023-11-25 14:38:38; duration=151.72505378723145; result={'actor': 'topic@topic218', 'isolate': False, 'persist': True, 'result': "Article 'ARTICLE:[...]' published", 'source': 'Source.NONE'}
date=2023-11-25 14:38:40; duration=140.66529273986816; result={'actor': 'topic@topic219', 'isolate': False, 'persist': True, 'result': "Article 'ARTICLE:[...]' published", 'source': 'Source.NONE'}
date=2023-11-25 14:38:43; duration=151.35574340820312; result={'actor': 'topic@topic220', 'isolate': False, 'persist': True, 'result': "Article 'ARTICLE:[...]' published", 'source': 'Source.NONE'}
date=2023-11-25 14:38:45; duration=147.05300331115723; result={'actor': 'topic@topic221', 'isolate': False, 'persist': True, 'result': "Article 'ARTICLE:[...]' published", 'source': 'Source.NONE'}
date=2023-11-25 14:38:47; duration=75.00720024108887; result={'actor': 'topic@topic222', 'isolate': False, 'persist': True, 'result': "Article 'ARTICLE:[...]' published", 'source': 'Source.NONE'}
date=2023-11-25 14:38:49; duration=72.81136512756348; result={'actor': 'topic@topic223', 'isolate': False, 'persist': True, 'result': "Article 'ARTICLE:[...]' published", 'source': 'Source.NONE'}
date=2023-11-25 14:38:51; duration=67.4293041229248; result={'actor': 'topic@topic224', 'isolate': False, 'persist': True, 'result': "Article 'ARTICLE:[...]' published", 'source': 'Source.NONE'}
date=2023-11-25 14:38:53; duration=173.0194091796875; result={'actor': 'topic@topic225', 'isolate': False, 'persist': True, 'result': "Article 'ARTICLE:[...]' published", 'source': 'Source.NONE'}
date=2023-11-25 14:38:55; duration=36.91554069519043; result={'actor': 'topic@topic226', 'isolate': False, 'persist': True, 'result': "Article 'ARTICLE:[...]' published", 'source': 'Source.NONE'}
date=2023-11-25 14:38:57; duration=71.82192802429199; result={'actor': 'topic@topic227', 'isolate': False, 'persist': True, 'result': "Article 'ARTICLE:[...]' published", 'source': 'Source.NONE'}
date=2023-11-25 14:38:59; duration=128.70144844055176; result={'actor': 'topic@topic228', 'isolate': False, 'persist': True, 'result': "Article 'ARTICLE:[...]' published", 'source': 'Source.NONE'}
date=2023-11-25 14:39:02; duration=147.89986610412598; result={'actor': 'topic@topic229', 'isolate': False, 'persist': True, 'result': "Article 'ARTICLE:[...]' published", 'source': 'Source.NONE'}
date=2023-11-25 14:39:04; duration=147.60780334472656; result={'actor': 'topic@topic230', 'isolate': False, 'persist': True, 'result': "Article 'ARTICLE:[...]' published", 'source': 'Source.NONE'}
date=2023-11-25 14:39:06; duration=138.43107223510742; result={'actor': 'topic@topic231', 'isolate': False, 'persist': True, 'result': "Article 'ARTICLE:[...]' published", 'source': 'Source.NONE'}
date=2023-11-25 14:39:08; duration=147.15576171875; result={'actor': 'topic@topic232', 'isolate': False, 'persist': True, 'result': "Article 'ARTICLE:[...]' published", 'source': 'Source.NONE'}
date=2023-11-25 14:39:10; duration=53.33733558654785; result={'actor': 'topic@topic233', 'isolate': False, 'persist': True, 'result': "Article 'ARTICLE:[...]' published", 'source': 'Source.NONE'}
date=2023-11-25 14:39:12; duration=151.7791748046875; result={'actor': 'topic@topic234', 'isolate': False, 'persist': True, 'result': "Article 'ARTICLE:[...]' published", 'source': 'Source.NONE'}
date=2023-11-25 14:39:14; duration=70.62625885009766; result={'actor': 'topic@topic235', 'isolate': False, 'persist': True, 'result': "Article 'ARTICLE:[...]' published", 'source': 'Source.NONE'}
date=2023-11-25 14:39:16; duration=127.35772132873535; result={'actor': 'topic@topic236', 'isolate': False, 'persist': True, 'result': "Article 'ARTICLE:[...]' published", 'source': 'Source.NONE'}
date=2023-11-25 14:39:19; duration=153.9630889892578; result={'actor': 'topic@topic237', 'isolate': False, 'persist': True, 'result': "Article 'ARTICLE:[...]' published", 'source': 'Source.NONE'}
date=2023-11-25 14:39:21; duration=130.68079948425293; result={'actor': 'topic@topic238', 'isolate': False, 'persist': True, 'result': "Article 'ARTICLE:[...]' published", 'source': 'Source.NONE'}
date=2023-11-25 14:39:23; duration=71.23327255249023; result={'actor': 'topic@topic239', 'isolate': False, 'persist': True, 'result': "Article 'ARTICLE:[...]' published", 'source': 'Source.NONE'}
date=2023-11-25 14:39:25; duration=115.83447456359863; result={'actor': 'topic@topic240', 'isolate': False, 'persist': True, 'result': "Article 'ARTICLE:[...]' published", 'source': 'Source.NONE'}
date=2023-11-25 14:39:27; duration=157.6840877532959; result={'actor': 'topic@topic241', 'isolate': False, 'persist': True, 'result': "Article 'ARTICLE:[...]' published", 'source': 'Source.NONE'}
date=2023-11-25 14:39:29; duration=110.58878898620605; result={'actor': 'topic@topic242', 'isolate': False, 'persist': True, 'result': "Article 'ARTICLE:[...]' published", 'source': 'Source.NONE'}
date=2023-11-25 14:39:31; duration=74.46694374084473; result={'actor': 'topic@topic243', 'isolate': False, 'persist': True, 'result': "Article 'ARTICLE:[...]' published", 'source': 'Source.NONE'}
date=2023-11-25 14:39:33; duration=160.4940891265869; result={'actor': 'topic@topic244', 'isolate': False, 'persist': True, 'result': "Article 'ARTICLE:[...]' published", 'source': 'Source.NONE'}
date=2023-11-25 14:39:36; duration=150.5727767944336; result={'actor': 'topic@topic245', 'isolate': False, 'persist': True, 'result': "Article 'ARTICLE:[...]' published", 'source': 'Source.NONE'}
date=2023-11-25 14:39:38; duration=150.7275104522705; result={'actor': 'topic@topic246', 'isolate': False, 'persist': True, 'result': "Article 'ARTICLE:[...]' published", 'source': 'Source.NONE'}
date=2023-11-25 14:39:40; duration=93.85251998901367; result={'actor': 'topic@topic247', 'isolate': False, 'persist': True, 'result': "Article 'ARTICLE:[...]' published", 'source': 'Source.NONE'}
date=2023-11-25 14:39:42; duration=104.17938232421875; result={'actor': 'topic@topic248', 'isolate': False, 'persist': True, 'result': "Article 'ARTICLE:[...]' published", 'source': 'Source.NONE'}
date=2023-11-25 14:39:44; duration=135.41436195373535; result={'actor': 'topic@topic249', 'isolate': False, 'persist': True, 'result': "Article 'ARTICLE:[...]' published", 'source': 'Source.NONE'}
date=2023-11-25 14:39:46; duration=159.88659858703613; result={'actor': 'topic@topic250', 'isolate': False, 'persist': True, 'result': "Article 'ARTICLE:[...]' published", 'source': 'Source.NONE'}
date=2023-11-25 14:39:48; duration=80.68346977233887; result={'actor': 'topic@topic251', 'isolate': False, 'persist': True, 'result': "Article 'ARTICLE:[...]' published", 'source': 'Source.NONE'}
date=2023-11-25 14:39:50; duration=104.16340827941895; result={'actor': 'topic@topic252', 'isolate': False, 'persist': True, 'result': "Article 'ARTICLE:[...]' published", 'source': 'Source.NONE'}
date=2023-11-25 14:39:53; duration=153.9301872253418; result={'actor': 'topic@topic253', 'isolate': False, 'persist': True, 'result': "Article 'ARTICLE:[...]' published", 'source': 'Source.NONE'}
date=2023-11-25 14:39:55; duration=148.36573600769043; result={'actor': 'topic@topic254', 'isolate': False, 'persist': True, 'result': "Article 'ARTICLE:[...]' published", 'source': 'Source.NONE'}
date=2023-11-25 14:39:57; duration=135.67852973937988; result={'actor': 'topic@topic255', 'isolate': False, 'persist': True, 'result': "Article 'ARTICLE:[...]' published", 'source': 'Source.NONE'}
date=2023-11-25 14:39:59; duration=78.90152931213379; result={'actor': 'topic@topic256', 'isolate': False, 'persist': True, 'result': "Article 'ARTICLE:[...]' published", 'source': 'Source.NONE'}
date=2023-11-25 14:40:01; duration=115.78869819641113; result={'actor': 'topic@topic257', 'isolate': False, 'persist': True, 'result': "Article 'ARTICLE:[...]' published", 'source': 'Source.NONE'}
date=2023-11-25 14:40:03; duration=165.80605506896973; result={'actor': 'topic@topic258', 'isolate': False, 'persist': True, 'result': "Article 'ARTICLE:[...]' published", 'source': 'Source.NONE'}
date=2023-11-25 14:40:05; duration=39.25943374633789; result={'actor': 'topic@topic259', 'isolate': False, 'persist': True, 'result': "Article 'ARTICLE:[...]' published", 'source': 'Source.NONE'}
date=2023-11-25 14:40:07; duration=71.31671905517578; result={'actor': 'topic@topic260', 'isolate': False, 'persist': True, 'result': "Article 'ARTICLE:[...]' published", 'source': 'Source.NONE'}
date=2023-11-25 14:40:09; duration=128.30638885498047; result={'actor': 'topic@topic261', 'isolate': False, 'persist': True, 'result': "Article 'ARTICLE:[...]' published", 'source': 'Source.NONE'}
date=2023-11-25 14:40:12; duration=73.5177993774414; result={'actor': 'topic@topic262', 'isolate': False, 'persist': True, 'result': "Article 'ARTICLE:[...]' published", 'source': 'Source.NONE'}
date=2023-11-25 14:40:14; duration=116.69397354125977; result={'actor': 'topic@topic263', 'isolate': False, 'persist': True, 'result': "Article 'ARTICLE:[...]' published", 'source': 'Source.NONE'}
date=2023-11-25 14:40:16; duration=152.07600593566895; result={'actor': 'topic@topic264', 'isolate': False, 'persist': True, 'result': "Article 'ARTICLE:[...]' published", 'source': 'Source.NONE'}
date=2023-11-25 14:40:18; duration=143.97764205932617; result={'actor': 'topic@topic265', 'isolate': False, 'persist': True, 'result': "Article 'ARTICLE:[...]' published", 'source': 'Source.NONE'}
date=2023-11-25 14:40:20; duration=131.8361759185791; result={'actor': 'topic@topic266', 'isolate': False, 'persist': True, 'result': "Article 'ARTICLE:[...]' published", 'source': 'Source.NONE'}
date=2023-11-25 14:40:22; duration=150.1932144165039; result={'actor': 'topic@topic267', 'isolate': False, 'persist': True, 'result': "Article 'ARTICLE:[...]' published", 'source': 'Source.NONE'}
date=2023-11-25 14:40:24; duration=79.84685897827148; result={'actor': 'topic@topic268', 'isolate': False, 'persist': True, 'result': "Article 'ARTICLE:[...]' published", 'source': 'Source.NONE'}
date=2023-11-25 14:40:26; duration=114.32051658630371; result={'actor': 'topic@topic269', 'isolate': False, 'persist': True, 'result': "Article 'ARTICLE:[...]' published", 'source': 'Source.NONE'}
date=2023-11-25 14:40:29; duration=165.96174240112305; result={'actor': 'topic@topic270', 'isolate': False, 'persist': True, 'result': "Article 'ARTICLE:[...]' published", 'source': 'Source.NONE'}
date=2023-11-25 14:40:31; duration=82.76844024658203; result={'actor': 'topic@topic271', 'isolate': False, 'persist': True, 'result': "Article 'ARTICLE:[...]' published", 'source': 'Source.NONE'}
date=2023-11-25 14:40:33; duration=109.71903800964355; result={'actor': 'topic@topic272', 'isolate': False, 'persist': True, 'result': "Article 'ARTICLE:[...]' published", 'source': 'Source.NONE'}
date=2023-11-25 14:40:35; duration=72.13115692138672; result={'actor': 'topic@topic273', 'isolate': False, 'persist': True, 'result': "Article 'ARTICLE:[...]' published", 'source': 'Source.NONE'}
date=2023-11-25 14:40:37; duration=71.6555118560791; result={'actor': 'topic@topic274', 'isolate': False, 'persist': True, 'result': "Article 'ARTICLE:[...]' published", 'source': 'Source.NONE'}
date=2023-11-25 14:40:39; duration=96.71711921691895; result={'actor': 'topic@topic275', 'isolate': False, 'persist': True, 'result': "Article 'ARTICLE:[...]' published", 'source': 'Source.NONE'}
date=2023-11-25 14:40:41; duration=53.60817909240723; result={'actor': 'topic@topic276', 'isolate': False, 'persist': True, 'result': "Article 'ARTICLE:[...]' published", 'source': 'Source.NONE'}
date=2023-11-25 14:40:43; duration=67.70658493041992; result={'actor': 'topic@topic277', 'isolate': False, 'persist': True, 'result': "Article 'ARTICLE:[...]' published", 'source': 'Source.NONE'}
date=2023-11-25 14:40:45; duration=116.56904220581055; result={'actor': 'topic@topic278', 'isolate': False, 'persist': True, 'result': "Article 'ARTICLE:[...]' published", 'source': 'Source.NONE'}
date=2023-11-25 14:40:47; duration=132.75575637817383; result={'actor': 'topic@topic279', 'isolate': False, 'persist': True, 'result': "Article 'ARTICLE:[...]' published", 'source': 'Source.NONE'}
date=2023-11-25 14:40:50; duration=70.73140144348145; result={'actor': 'topic@topic280', 'isolate': False, 'persist': True, 'result': "Article 'ARTICLE:[...]' published", 'source': 'Source.NONE'}
date=2023-11-25 14:40:52; duration=134.42397117614746; result={'actor': 'topic@topic281', 'isolate': False, 'persist': True, 'result': "Article 'ARTICLE:[...]' published", 'source': 'Source.NONE'}
date=2023-11-25 14:40:54; duration=150.49338340759277; result={'actor': 'topic@topic282', 'isolate': False, 'persist': True, 'result': "Article 'ARTICLE:[...]' published", 'source': 'Source.NONE'}
date=2023-11-25 14:40:56; duration=71.88224792480469; result={'actor': 'topic@topic283', 'isolate': False, 'persist': True, 'result': "Article 'ARTICLE:[...]' published", 'source': 'Source.NONE'}
date=2023-11-25 14:40:58; duration=122.04360961914062; result={'actor': 'topic@topic284', 'isolate': False, 'persist': True, 'result': "Article 'ARTICLE:[...]' published", 'source': 'Source.NONE'}
date=2023-11-25 14:41:00; duration=136.50250434875488; result={'actor': 'topic@topic285', 'isolate': False, 'persist': True, 'result': "Article 'ARTICLE:[...]' published", 'source': 'Source.NONE'}
date=2023-11-25 14:41:02; duration=147.94254302978516; result={'actor': 'topic@topic286', 'isolate': False, 'persist': True, 'result': "Article 'ARTICLE:[...]' published", 'source': 'Source.NONE'}
date=2023-11-25 14:41:04; duration=77.95500755310059; result={'actor': 'topic@topic287', 'isolate': False, 'persist': True, 'result': "Article 'ARTICLE:[...]' published", 'source': 'Source.NONE'}
date=2023-11-25 14:41:07; duration=139.0397548675537; result={'actor': 'topic@topic288', 'isolate': False, 'persist': True, 'result': "Article 'ARTICLE:[...]' published", 'source': 'Source.NONE'}
date=2023-11-25 14:41:09; duration=141.6771411895752; result={'actor': 'topic@topic289', 'isolate': False, 'persist': True, 'result': "Article 'ARTICLE:[...]' published", 'source': 'Source.NONE'}
date=2023-11-25 14:41:11; duration=73.43792915344238; result={'actor': 'topic@topic290', 'isolate': False, 'persist': True, 'result': "Article 'ARTICLE:[...]' published", 'source': 'Source.NONE'}
date=2023-11-25 14:41:13; duration=116.91451072692871; result={'actor': 'topic@topic291', 'isolate': False, 'persist': True, 'result': "Article 'ARTICLE:[...]' published", 'source': 'Source.NONE'}
date=2023-11-25 14:41:15; duration=146.1024284362793; result={'actor': 'topic@topic292', 'isolate': False, 'persist': True, 'result': "Article 'ARTICLE:[...]' published", 'source': 'Source.NONE'}
date=2023-11-25 14:41:17; duration=70.44148445129395; result={'actor': 'topic@topic293', 'isolate': False, 'persist': True, 'result': "Article 'ARTICLE:[...]' published", 'source': 'Source.NONE'}
date=2023-11-25 14:41:19; duration=122.4520206451416; result={'actor': 'topic@topic294', 'isolate': False, 'persist': True, 'result': "Article 'ARTICLE:[...]' published", 'source': 'Source.NONE'}
date=2023-11-25 14:41:21; duration=81.79759979248047; result={'actor': 'topic@topic295', 'isolate': False, 'persist': True, 'result': "Article 'ARTICLE:[...]' published", 'source': 'Source.NONE'}
date=2023-11-25 14:41:23; duration=102.07295417785645; result={'actor': 'topic@topic296', 'isolate': False, 'persist': True, 'result': "Article 'ARTICLE:[...]' published", 'source': 'Source.NONE'}
date=2023-11-25 14:41:26; duration=70.34182548522949; result={'actor': 'topic@topic297', 'isolate': False, 'persist': True, 'result': "Article 'ARTICLE:[...]' published", 'source': 'Source.NONE'}
date=2023-11-25 14:41:28; duration=73.57621192932129; result={'actor': 'topic@topic298', 'isolate': False, 'persist': True, 'result': "Article 'ARTICLE:[...]' published", 'source': 'Source.NONE'}
date=2023-11-25 14:41:30; duration=102.36692428588867; result={'actor': 'topic@topic299', 'isolate': False, 'persist': True, 'result': "Article 'ARTICLE:[...]' published", 'source': 'Source.NONE'}
date=2023-11-25 14:41:32; duration=155.8248996734619; result={'actor': 'topic@topic300', 'isolate': False, 'persist': True, 'result': "Article 'ARTICLE:[...]' published", 'source': 'Source.NONE'}
date=2023-11-25 14:41:34; duration=65.1240348815918; result={'actor': 'topic@topic301', 'isolate': False, 'persist': True, 'result': "Article 'ARTICLE:[...]' published", 'source': 'Source.NONE'}
date=2023-11-25 14:41:36; duration=67.99602508544922; result={'actor': 'topic@topic302', 'isolate': False, 'persist': True, 'result': "Article 'ARTICLE:[...]' published", 'source': 'Source.NONE'}
date=2023-11-25 14:41:38; duration=73.4562873840332; result={'actor': 'topic@topic303', 'isolate': False, 'persist': True, 'result': "Article 'ARTICLE:[...]' published", 'source': 'Source.NONE'}
date=2023-11-25 14:41:40; duration=84.07807350158691; result={'actor': 'topic@topic304', 'isolate': False, 'persist': True, 'result': "Article 'ARTICLE:[...]' published", 'source': 'Source.NONE'}
date=2023-11-25 14:41:42; duration=138.59891891479492; result={'actor': 'topic@topic305', 'isolate': False, 'persist': True, 'result': "Article 'ARTICLE:[...]' published", 'source': 'Source.NONE'}
date=2023-11-25 14:41:44; duration=152.70280838012695; result={'actor': 'topic@topic306', 'isolate': False, 'persist': True, 'result': "Article 'ARTICLE:[...]' published", 'source': 'Source.NONE'}
date=2023-11-25 14:41:47; duration=150.05922317504883; result={'actor': 'topic@topic307', 'isolate': False, 'persist': True, 'result': "Article 'ARTICLE:[...]' published", 'source': 'Source.NONE'}
date=2023-11-25 14:41:49; duration=131.89291954040527; result={'actor': 'topic@topic308', 'isolate': False, 'persist': True, 'result': "Article 'ARTICLE:[...]' published", 'source': 'Source.NONE'}
date=2023-11-25 14:41:51; duration=149.12676811218262; result={'actor': 'topic@topic309', 'isolate': False, 'persist': True, 'result': "Article 'ARTICLE:[...]' published", 'source': 'Source.NONE'}
date=2023-11-25 14:41:53; duration=160.63356399536133; result={'actor': 'topic@topic310', 'isolate': False, 'persist': True, 'result': "Article 'ARTICLE:[...]' published", 'source': 'Source.NONE'}
date=2023-11-25 14:41:55; duration=135.6489658355713; result={'actor': 'topic@topic311', 'isolate': False, 'persist': True, 'result': "Article 'ARTICLE:[...]' published", 'source': 'Source.NONE'}
date=2023-11-25 14:41:57; duration=163.98072242736816; result={'actor': 'topic@topic312', 'isolate': False, 'persist': True, 'result': "Article 'ARTICLE:[...]' published", 'source': 'Source.NONE'}
date=2023-11-25 14:41:59; duration=75.18482208251953; result={'actor': 'topic@topic313', 'isolate': False, 'persist': True, 'result': "Article 'ARTICLE:[...]' published", 'source': 'Source.NONE'}
date=2023-11-25 14:42:02; duration=116.80197715759277; result={'actor': 'topic@topic314', 'isolate': False, 'persist': True, 'result': "Article 'ARTICLE:[...]' published", 'source': 'Source.NONE'}
date=2023-11-25 14:42:04; duration=146.34037017822266; result={'actor': 'topic@topic315', 'isolate': False, 'persist': True, 'result': "Article 'ARTICLE:[...]' published", 'source': 'Source.NONE'}
date=2023-11-25 14:42:06; duration=148.98347854614258; result={'actor': 'topic@topic316', 'isolate': False, 'persist': True, 'result': "Article 'ARTICLE:[...]' published", 'source': 'Source.NONE'}
date=2023-11-25 14:42:08; duration=149.58548545837402; result={'actor': 'topic@topic317', 'isolate': False, 'persist': True, 'result': "Article 'ARTICLE:[...]' published", 'source': 'Source.NONE'}
date=2023-11-25 14:42:10; duration=136.6596221923828; result={'actor': 'topic@topic318', 'isolate': False, 'persist': True, 'result': "Article 'ARTICLE:[...]' published", 'source': 'Source.NONE'}
date=2023-11-25 14:42:12; duration=148.38147163391113; result={'actor': 'topic@topic319', 'isolate': False, 'persist': True, 'result': "Article 'ARTICLE:[...]' published", 'source': 'Source.NONE'}
date=2023-11-25 14:42:14; duration=77.45194435119629; result={'actor': 'topic@topic320', 'isolate': False, 'persist': True, 'result': "Article 'ARTICLE:[...]' published", 'source': 'Source.NONE'}
date=2023-11-25 14:42:16; duration=68.04728507995605; result={'actor': 'topic@topic321', 'isolate': False, 'persist': True, 'result': "Article 'ARTICLE:[...]' published", 'source': 'Source.NONE'}
date=2023-11-25 14:42:19; duration=60.378074645996094; result={'actor': 'topic@topic322', 'isolate': False, 'persist': True, 'result': "Article 'ARTICLE:[...]' published", 'source': 'Source.NONE'}
date=2023-11-25 14:42:21; duration=77.90970802307129; result={'actor': 'topic@topic323', 'isolate': False, 'persist': True, 'result': "Article 'ARTICLE:[...]' published", 'source': 'Source.NONE'}
date=2023-11-25 14:42:23; duration=102.19335556030273; result={'actor': 'topic@topic324', 'isolate': False, 'persist': True, 'result': "Article 'ARTICLE:[...]' published", 'source': 'Source.NONE'}
date=2023-11-25 14:42:25; duration=52.15024948120117; result={'actor': 'topic@topic325', 'isolate': False, 'persist': True, 'result': "Article 'ARTICLE:[...]' published", 'source': 'Source.NONE'}
date=2023-11-25 14:42:27; duration=70.56355476379395; result={'actor': 'topic@topic326', 'isolate': False, 'persist': True, 'result': "Article 'ARTICLE:[...]' published", 'source': 'Source.NONE'}
date=2023-11-25 14:42:29; duration=179.1977882385254; result={'actor': 'topic@topic327', 'isolate': False, 'persist': True, 'result': "Article 'ARTICLE:[...]' published", 'source': 'Source.NONE'}
date=2023-11-25 14:42:31; duration=73.97317886352539; result={'actor': 'topic@topic328', 'isolate': False, 'persist': True, 'result': "Article 'ARTICLE:[...]' published", 'source': 'Source.NONE'}
date=2023-11-25 14:42:33; duration=71.12884521484375; result={'actor': 'topic@topic329', 'isolate': False, 'persist': True, 'result': "Article 'ARTICLE:[...]' published", 'source': 'Source.NONE'}
date=2023-11-25 14:42:35; duration=83.50157737731934; result={'actor': 'topic@topic330', 'isolate': False, 'persist': True, 'result': "Article 'ARTICLE:[...]' published", 'source': 'Source.NONE'}
date=2023-11-25 14:42:37; duration=165.96102714538574; result={'actor': 'topic@topic331', 'isolate': False, 'persist': True, 'result': "Article 'ARTICLE:[...]' published", 'source': 'Source.NONE'}
date=2023-11-25 14:42:39; duration=148.21743965148926; result={'actor': 'topic@topic332', 'isolate': False, 'persist': True, 'result': "Article 'ARTICLE:[...]' published", 'source': 'Source.NONE'}
date=2023-11-25 14:42:42; duration=143.92971992492676; result={'actor': 'topic@topic333', 'isolate': False, 'persist': True, 'result': "Article 'ARTICLE:[...]' published", 'source': 'Source.NONE'}
date=2023-11-25 14:42:44; duration=140.04015922546387; result={'actor': 'topic@topic334', 'isolate': False, 'persist': True, 'result': "Article 'ARTICLE:[...]' published", 'source': 'Source.NONE'}
date=2023-11-25 14:42:46; duration=75.81591606140137; result={'actor': 'topic@topic335', 'isolate': False, 'persist': True, 'result': "Article 'ARTICLE:[...]' published", 'source': 'Source.NONE'}
date=2023-11-25 14:42:48; duration=127.43020057678223; result={'actor': 'topic@topic336', 'isolate': False, 'persist': True, 'result': "Article 'ARTICLE:[...]' published", 'source': 'Source.NONE'}
date=2023-11-25 14:42:50; duration=135.6508731842041; result={'actor': 'topic@topic337', 'isolate': False, 'persist': True, 'result': "Article 'ARTICLE:[...]' published", 'source': 'Source.NONE'}
date=2023-11-25 14:42:52; duration=161.65399551391602; result={'actor': 'topic@topic338', 'isolate': False, 'persist': True, 'result': "Article 'ARTICLE:[...]' published", 'source': 'Source.NONE'}
date=2023-11-25 14:42:54; duration=157.46521949768066; result={'actor': 'topic@topic339', 'isolate': False, 'persist': True, 'result': "Article 'ARTICLE:[...]' published", 'source': 'Source.NONE'}
date=2023-11-25 14:42:57; duration=112.98346519470215; result={'actor': 'topic@topic340', 'isolate': False, 'persist': True, 'result': "Article 'ARTICLE:[...]' published", 'source': 'Source.NONE'}
date=2023-11-25 14:42:59; duration=72.24202156066895; result={'actor': 'topic@topic341', 'isolate': False, 'persist': True, 'result': "Article 'ARTICLE:[...]' published", 'source': 'Source.NONE'}
date=2023-11-25 14:43:01; duration=144.58298683166504; result={'actor': 'topic@topic342', 'isolate': False, 'persist': True, 'result': "Article 'ARTICLE:[...]' published", 'source': 'Source.NONE'}
date=2023-11-25 14:43:03; duration=133.38637351989746; result={'actor': 'topic@topic343', 'isolate': False, 'persist': True, 'result': "Article 'ARTICLE:[...]' published", 'source': 'Source.NONE'}
date=2023-11-25 14:43:05; duration=147.94087409973145; result={'actor': 'topic@topic344', 'isolate': False, 'persist': True, 'result': "Article 'ARTICLE:[...]' published", 'source': 'Source.NONE'}
date=2023-11-25 14:43:07; duration=155.80511093139648; result={'actor': 'topic@topic345', 'isolate': False, 'persist': True, 'result': "Article 'ARTICLE:[...]' published", 'source': 'Source.NONE'}
date=2023-11-25 14:43:09; duration=159.27696228027344; result={'actor': 'topic@topic346', 'isolate': False, 'persist': True, 'result': "Article 'ARTICLE:[...]' published", 'source': 'Source.NONE'}
date=2023-11-25 14:43:12; duration=143.9657211303711; result={'actor': 'topic@topic347', 'isolate': False, 'persist': True, 'result': "Article 'ARTICLE:[...]' published", 'source': 'Source.NONE'}
date=2023-11-25 14:43:14; duration=76.34592056274414; result={'actor': 'topic@topic348', 'isolate': False, 'persist': True, 'result': "Article 'ARTICLE:[...]' published", 'source': 'Source.NONE'}
date=2023-11-25 14:43:16; duration=118.78061294555664; result={'actor': 'topic@topic349', 'isolate': False, 'persist': True, 'result': "Article 'ARTICLE:[...]' published", 'source': 'Source.NONE'}
date=2023-11-25 14:43:18; duration=59.64493751525879; result={'actor': 'topic@topic350', 'isolate': False, 'persist': True, 'result': "Article 'ARTICLE:[...]' published", 'source': 'Source.NONE'}
date=2023-11-25 14:43:20; duration=72.29900360107422; result={'actor': 'topic@topic351', 'isolate': False, 'persist': True, 'result': "Article 'ARTICLE:[...]' published", 'source': 'Source.NONE'}
date=2023-11-25 14:43:22; duration=108.55984687805176; result={'actor': 'topic@topic352', 'isolate': False, 'persist': True, 'result': "Article 'ARTICLE:[...]' published", 'source': 'Source.NONE'}
date=2023-11-25 14:43:24; duration=152.3747444152832; result={'actor': 'topic@topic353', 'isolate': False, 'persist': True, 'result': "Article 'ARTICLE:[...]' published", 'source': 'Source.NONE'}
date=2023-11-25 14:43:26; duration=143.65077018737793; result={'actor': 'topic@topic354', 'isolate': False, 'persist': True, 'result': "Article 'ARTICLE:[...]' published", 'source': 'Source.NONE'}
date=2023-11-25 14:43:28; duration=75.46281814575195; result={'actor': 'topic@topic355', 'isolate': False, 'persist': True, 'result': "Article 'ARTICLE:[...]' published", 'source': 'Source.NONE'}
date=2023-11-25 14:43:31; duration=103.32989692687988; result={'actor': 'topic@topic356', 'isolate': False, 'persist': True, 'result': "Article 'ARTICLE:[...]' published", 'source': 'Source.NONE'}
date=2023-11-25 14:43:33; duration=50.37999153137207; result={'actor': 'topic@topic357', 'isolate': False, 'persist': True, 'result': "Article 'ARTICLE:[...]' published", 'source': 'Source.NONE'}
date=2023-11-25 14:43:35; duration=72.68500328063965; result={'actor': 'topic@topic358', 'isolate': False, 'persist': True, 'result': "Article 'ARTICLE:[...]' published", 'source': 'Source.NONE'}
date=2023-11-25 14:43:37; duration=121.63543701171875; result={'actor': 'topic@topic359', 'isolate': False, 'persist': True, 'result': "Article 'ARTICLE:[...]' published", 'source': 'Source.NONE'}
date=2023-11-25 14:43:39; duration=99.99465942382812; result={'actor': 'topic@topic360', 'isolate': False, 'persist': True, 'result': "Article 'ARTICLE:[...]' published", 'source': 'Source.NONE'}
date=2023-11-25 14:43:41; duration=70.01805305480957; result={'actor': 'topic@topic361', 'isolate': False, 'persist': True, 'result': "Article 'ARTICLE:[...]' published", 'source': 'Source.NONE'}
date=2023-11-25 14:43:43; duration=83.50825309753418; result={'actor': 'topic@topic362', 'isolate': False, 'persist': True, 'result': "Article 'ARTICLE:[...]' published", 'source': 'Source.NONE'}
date=2023-11-25 14:43:45; duration=130.12051582336426; result={'actor': 'topic@topic363', 'isolate': False, 'persist': True, 'result': "Article 'ARTICLE:[...]' published", 'source': 'Source.NONE'}
date=2023-11-25 14:43:47; duration=152.90021896362305; result={'actor': 'topic@topic364', 'isolate': False, 'persist': True, 'result': "Article 'ARTICLE:[...]' published", 'source': 'Source.NONE'}
date=2023-11-25 14:43:49; duration=161.93532943725586; result={'actor': 'topic@topic365', 'isolate': False, 'persist': True, 'result': "Article 'ARTICLE:[...]' published", 'source': 'Source.NONE'}
date=2023-11-25 14:43:52; duration=151.34406089782715; result={'actor': 'topic@topic366', 'isolate': False, 'persist': True, 'result': "Article 'ARTICLE:[...]' published", 'source': 'Source.NONE'}
date=2023-11-25 14:43:54; duration=145.07102966308594; result={'actor': 'topic@topic367', 'isolate': False, 'persist': True, 'result': "Article 'ARTICLE:[...]' published", 'source': 'Source.NONE'}
date=2023-11-25 14:43:56; duration=76.12776756286621; result={'actor': 'topic@topic368', 'isolate': False, 'persist': True, 'result': "Article 'ARTICLE:[...]' published", 'source': 'Source.NONE'}
date=2023-11-25 14:43:58; duration=70.46246528625488; result={'actor': 'topic@topic369', 'isolate': False, 'persist': True, 'result': "Article 'ARTICLE:[...]' published", 'source': 'Source.NONE'}
date=2023-11-25 14:44:00; duration=92.55337715148926; result={'actor': 'topic@topic370', 'isolate': False, 'persist': True, 'result': "Article 'ARTICLE:[...]' published", 'source': 'Source.NONE'}
date=2023-11-25 14:44:02; duration=147.3562717437744; result={'actor': 'topic@topic371', 'isolate': False, 'persist': True, 'result': "Article 'ARTICLE:[...]' published", 'source': 'Source.NONE'}
date=2023-11-25 14:44:04; duration=141.45994186401367; result={'actor': 'topic@topic372', 'isolate': False, 'persist': True, 'result': "Article 'ARTICLE:[...]' published", 'source': 'Source.NONE'}
date=2023-11-25 14:44:06; duration=152.34994888305664; result={'actor': 'topic@topic373', 'isolate': False, 'persist': True, 'result': "Article 'ARTICLE:[...]' published", 'source': 'Source.NONE'}
date=2023-11-25 14:44:09; duration=72.62659072875977; result={'actor': 'topic@topic374', 'isolate': False, 'persist': True, 'result': "Article 'ARTICLE:[...]' published", 'source': 'Source.NONE'}
date=2023-11-25 14:44:11; duration=124.58157539367676; result={'actor': 'topic@topic375', 'isolate': False, 'persist': True, 'result': "Article 'ARTICLE:[...]' published", 'source': 'Source.NONE'}
date=2023-11-25 14:44:13; duration=146.98171615600586; result={'actor': 'topic@topic376', 'isolate': False, 'persist': True, 'result': "Article 'ARTICLE:[...]' published", 'source': 'Source.NONE'}
date=2023-11-25 14:44:15; duration=148.34260940551758; result={'actor': 'topic@topic377', 'isolate': False, 'persist': True, 'result': "Article 'ARTICLE:[...]' published", 'source': 'Source.NONE'}
date=2023-11-25 14:44:17; duration=146.91424369812012; result={'actor': 'topic@topic378', 'isolate': False, 'persist': True, 'result': "Article 'ARTICLE:[...]' published", 'source': 'Source.NONE'}
date=2023-11-25 14:44:19; duration=154.47616577148438; result={'actor': 'topic@topic379', 'isolate': False, 'persist': True, 'result': "Article 'ARTICLE:[...]' published", 'source': 'Source.NONE'}
date=2023-11-25 14:44:21; duration=138.48042488098145; result={'actor': 'topic@topic380', 'isolate': False, 'persist': True, 'result': "Article 'ARTICLE:[...]' published", 'source': 'Source.NONE'}
date=2023-11-25 14:44:24; duration=67.60263442993164; result={'actor': 'topic@topic381', 'isolate': False, 'persist': True, 'result': "Article 'ARTICLE:[...]' published", 'source': 'Source.NONE'}
date=2023-11-25 14:44:26; duration=75.60324668884277; result={'actor': 'topic@topic382', 'isolate': False, 'persist': True, 'result': "Article 'ARTICLE:[...]' published", 'source': 'Source.NONE'}
date=2023-11-25 14:44:28; duration=72.02720642089844; result={'actor': 'topic@topic383', 'isolate': False, 'persist': True, 'result': "Article 'ARTICLE:[...]' published", 'source': 'Source.NONE'}
date=2023-11-25 14:44:30; duration=175.83012580871582; result={'actor': 'topic@topic384', 'isolate': False, 'persist': True, 'result': "Article 'ARTICLE:[...]' published", 'source': 'Source.NONE'}
date=2023-11-25 14:44:32; duration=141.39151573181152; result={'actor': 'topic@topic385', 'isolate': False, 'persist': True, 'result': "Article 'ARTICLE:[...]' published", 'source': 'Source.NONE'}
date=2023-11-25 14:44:34; duration=159.35587882995605; result={'actor': 'topic@topic386', 'isolate': False, 'persist': True, 'result': "Article 'ARTICLE:[...]' published", 'source': 'Source.NONE'}
date=2023-11-25 14:44:36; duration=79.77724075317383; result={'actor': 'topic@topic387', 'isolate': False, 'persist': True, 'result': "Article 'ARTICLE:[...]' published", 'source': 'Source.NONE'}
date=2023-11-25 14:44:38; duration=68.0549144744873; result={'actor': 'topic@topic388', 'isolate': False, 'persist': True, 'result': "Article 'ARTICLE:[...]' published", 'source': 'Source.NONE'}
date=2023-11-25 14:44:40; duration=86.1501693725586; result={'actor': 'topic@topic389', 'isolate': False, 'persist': True, 'result': "Article 'ARTICLE:[...]' published", 'source': 'Source.NONE'}
date=2023-11-25 14:44:42; duration=152.35447883605957; result={'actor': 'topic@topic390', 'isolate': False, 'persist': True, 'result': "Article 'ARTICLE:[...]' published", 'source': 'Source.NONE'}
date=2023-11-25 14:44:45; duration=58.68363380432129; result={'actor': 'topic@topic391', 'isolate': False, 'persist': True, 'result': "Article 'ARTICLE:[...]' published", 'source': 'Source.NONE'}
date=2023-11-25 14:44:47; duration=128.88526916503906; result={'actor': 'topic@topic392', 'isolate': False, 'persist': True, 'result': "Article 'ARTICLE:[...]' published", 'source': 'Source.NONE'}
date=2023-11-25 14:44:49; duration=154.32381629943848; result={'actor': 'topic@topic393', 'isolate': False, 'persist': True, 'result': "Article 'ARTICLE:[...]' published", 'source': 'Source.NONE'}
date=2023-11-25 14:44:51; duration=73.62914085388184; result={'actor': 'topic@topic394', 'isolate': False, 'persist': True, 'result': "Article 'ARTICLE:[...]' published", 'source': 'Source.NONE'}
date=2023-11-25 14:44:53; duration=122.55644798278809; result={'actor': 'topic@topic395', 'isolate': False, 'persist': True, 'result': "Article 'ARTICLE:[...]' published", 'source': 'Source.NONE'}
date=2023-11-25 14:44:55; duration=132.91382789611816; result={'actor': 'topic@topic396', 'isolate': False, 'persist': True, 'result': "Article 'ARTICLE:[...]' published", 'source': 'Source.NONE'}
date=2023-11-25 14:44:57; duration=47.8510856628418; result={'actor': 'topic@topic397', 'isolate': False, 'persist': True, 'result': "Article 'ARTICLE:[...]' published", 'source': 'Source.NONE'}
date=2023-11-25 14:44:59; duration=151.56269073486328; result={'actor': 'topic@topic398', 'isolate': False, 'persist': True, 'result': "Article 'ARTICLE:[...]' published", 'source': 'Source.NONE'}
date=2023-11-25 14:45:02; duration=157.25421905517578; result={'actor': 'topic@topic399', 'isolate': False, 'persist': True, 'result': "Article 'ARTICLE:[...]' published", 'source': 'Source.NONE'}
date=2023-11-25 14:45:04; duration=132.1868896484375; result={'actor': 'topic@topic400', 'isolate': False, 'persist': True, 'result': "Article 'ARTICLE:[...]' published", 'source': 'Source.NONE'}
date=2023-11-25 14:45:06; duration=67.53826141357422; result={'actor': 'topic@topic401', 'isolate': False, 'persist': True, 'result': "Article 'ARTICLE:[...]' published", 'source': 'Source.NONE'}
date=2023-11-25 14:45:08; duration=72.0522403717041; result={'actor': 'topic@topic402', 'isolate': False, 'persist': True, 'result': "Article 'ARTICLE:[...]' published", 'source': 'Source.NONE'}
date=2023-11-25 14:45:10; duration=112.19120025634766; result={'actor': 'topic@topic403', 'isolate': False, 'persist': True, 'result': "Article 'ARTICLE:[...]' published", 'source': 'Source.NONE'}
date=2023-11-25 14:45:12; duration=139.33610916137695; result={'actor': 'topic@topic404', 'isolate': False, 'persist': True, 'result': "Article 'ARTICLE:[...]' published", 'source': 'Source.NONE'}
date=2023-11-25 14:45:14; duration=151.47686004638672; result={'actor': 'topic@topic405', 'isolate': False, 'persist': True, 'result': "Article 'ARTICLE:[...]' published", 'source': 'Source.NONE'}
date=2023-11-25 14:45:16; duration=165.191650390625; result={'actor': 'topic@topic406', 'isolate': False, 'persist': True, 'result': "Article 'ARTICLE:[...]' published", 'source': 'Source.NONE'}
date=2023-11-25 14:45:19; duration=58.07042121887207; result={'actor': 'topic@topic407', 'isolate': False, 'persist': True, 'result': "Article 'ARTICLE:[...]' published", 'source': 'Source.NONE'}
date=2023-11-25 14:45:21; duration=131.88982009887695; result={'actor': 'topic@topic408', 'isolate': False, 'persist': True, 'result': "Article 'ARTICLE:[...]' published", 'source': 'Source.NONE'}
date=2023-11-25 14:45:23; duration=75.9131908416748; result={'actor': 'topic@topic409', 'isolate': False, 'persist': True, 'result': "Article 'ARTICLE:[...]' published", 'source': 'Source.NONE'}
date=2023-11-25 14:45:25; duration=108.60061645507812; result={'actor': 'topic@topic410', 'isolate': False, 'persist': True, 'result': "Article 'ARTICLE:[...]' published", 'source': 'Source.NONE'}
date=2023-11-25 14:45:27; duration=153.5930633544922; result={'actor': 'topic@topic411', 'isolate': False, 'persist': True, 'result': "Article 'ARTICLE:[...]' published", 'source': 'Source.NONE'}
date=2023-11-25 14:45:29; duration=149.24359321594238; result={'actor': 'topic@topic412', 'isolate': False, 'persist': True, 'result': "Article 'ARTICLE:[...]' published", 'source': 'Source.NONE'}
date=2023-11-25 14:45:31; duration=79.78606224060059; result={'actor': 'topic@topic413', 'isolate': False, 'persist': True, 'result': "Article 'ARTICLE:[...]' published", 'source': 'Source.NONE'}
date=2023-11-25 14:45:33; duration=127.31456756591797; result={'actor': 'topic@topic414', 'isolate': False, 'persist': True, 'result': "Article 'ARTICLE:[...]' published", 'source': 'Source.NONE'}
date=2023-11-25 14:45:35; duration=129.16326522827148; result={'actor': 'topic@topic415', 'isolate': False, 'persist': True, 'result': "Article 'ARTICLE:[...]' published", 'source': 'Source.NONE'}
date=2023-11-25 14:45:38; duration=155.69353103637695; result={'actor': 'topic@topic416', 'isolate': False, 'persist': True, 'result': "Article 'ARTICLE:[...]' published", 'source': 'Source.NONE'}
date=2023-11-25 14:45:40; duration=135.96105575561523; result={'actor': 'topic@topic417', 'isolate': False, 'persist': True, 'result': "Article 'ARTICLE:[...]' published", 'source': 'Source.NONE'}
date=2023-11-25 14:45:42; duration=74.13268089294434; result={'actor': 'topic@topic418', 'isolate': False, 'persist': True, 'result': "Article 'ARTICLE:[...]' published", 'source': 'Source.NONE'}
date=2023-11-25 14:45:44; duration=135.24150848388672; result={'actor': 'topic@topic419', 'isolate': False, 'persist': True, 'result': "Article 'ARTICLE:[...]' published", 'source': 'Source.NONE'}
date=2023-11-25 14:45:46; duration=76.51090621948242; result={'actor': 'topic@topic420', 'isolate': False, 'persist': True, 'result': "Article 'ARTICLE:[...]' published", 'source': 'Source.NONE'}
date=2023-11-25 14:45:48; duration=67.91281700134277; result={'actor': 'topic@topic421', 'isolate': False, 'persist': True, 'result': "Article 'ARTICLE:[...]' published", 'source': 'Source.NONE'}
date=2023-11-25 14:45:50; duration=76.38311386108398; result={'actor': 'topic@topic422', 'isolate': False, 'persist': True, 'result': "Article 'ARTICLE:[...]' published", 'source': 'Source.NONE'}
date=2023-11-25 14:45:52; duration=164.8106575012207; result={'actor': 'topic@topic423', 'isolate': False, 'persist': True, 'result': "Article 'ARTICLE:[...]' published", 'source': 'Source.NONE'}
date=2023-11-25 14:45:54; duration=142.578125; result={'actor': 'topic@topic424', 'isolate': False, 'persist': True, 'result': "Article 'ARTICLE:[...]' published", 'source': 'Source.NONE'}
date=2023-11-25 14:45:57; duration=52.918195724487305; result={'actor': 'topic@topic425', 'isolate': False, 'persist': True, 'result': "Article 'ARTICLE:[...]' published", 'source': 'Source.NONE'}
date=2023-11-25 14:45:59; duration=69.1678524017334; result={'actor': 'topic@topic426', 'isolate': False, 'persist': True, 'result': "Article 'ARTICLE:[...]' published", 'source': 'Source.NONE'}
date=2023-11-25 14:46:01; duration=121.1555004119873; result={'actor': 'topic@topic427', 'isolate': False, 'persist': True, 'result': "Article 'ARTICLE:[...]' published", 'source': 'Source.NONE'}
date=2023-11-25 14:46:03; duration=71.16484642028809; result={'actor': 'topic@topic428', 'isolate': False, 'persist': True, 'result': "Article 'ARTICLE:[...]' published", 'source': 'Source.NONE'}
date=2023-11-25 14:46:05; duration=129.7919750213623; result={'actor': 'topic@topic429', 'isolate': False, 'persist': True, 'result': "Article 'ARTICLE:[...]' published", 'source': 'Source.NONE'}
date=2023-11-25 14:46:07; duration=138.5023593902588; result={'actor': 'topic@topic430', 'isolate': False, 'persist': True, 'result': "Article 'ARTICLE:[...]' published", 'source': 'Source.NONE'}
date=2023-11-25 14:46:09; duration=166.05639457702637; result={'actor': 'topic@topic431', 'isolate': False, 'persist': True, 'result': "Article 'ARTICLE:[...]' published", 'source': 'Source.NONE'}
date=2023-11-25 14:46:11; duration=120.07498741149902; result={'actor': 'topic@topic432', 'isolate': False, 'persist': True, 'result': "Article 'ARTICLE:[...]' published", 'source': 'Source.NONE'}
date=2023-11-25 14:46:13; duration=151.0462760925293; result={'actor': 'topic@topic433', 'isolate': False, 'persist': True, 'result': "Article 'ARTICLE:[...]' published", 'source': 'Source.NONE'}
date=2023-11-25 14:46:16; duration=159.5749855041504; result={'actor': 'topic@topic434', 'isolate': False, 'persist': True, 'result': "Article 'ARTICLE:[...]' published", 'source': 'Source.NONE'}
date=2023-11-25 14:46:18; duration=110.53681373596191; result={'actor': 'topic@topic435', 'isolate': False, 'persist': True, 'result': "Article 'ARTICLE:[...]' published", 'source': 'Source.NONE'}
date=2023-11-25 14:46:20; duration=80.43193817138672; result={'actor': 'topic@topic436', 'isolate': False, 'persist': True, 'result': "Article 'ARTICLE:[...]' published", 'source': 'Source.NONE'}
date=2023-11-25 14:46:22; duration=149.17302131652832; result={'actor': 'topic@topic437', 'isolate': False, 'persist': True, 'result': "Article 'ARTICLE:[...]' published", 'source': 'Source.NONE'}
date=2023-11-25 14:46:24; duration=150.3746509552002; result={'actor': 'topic@topic438', 'isolate': False, 'persist': True, 'result': "Article 'ARTICLE:[...]' published", 'source': 'Source.NONE'}
date=2023-11-25 14:46:26; duration=69.75841522216797; result={'actor': 'topic@topic439', 'isolate': False, 'persist': True, 'result': "Article 'ARTICLE:[...]' published", 'source': 'Source.NONE'}
date=2023-11-25 14:46:28; duration=93.68443489074707; result={'actor': 'topic@topic440', 'isolate': False, 'persist': True, 'result': "Article 'ARTICLE:[...]' published", 'source': 'Source.NONE'}
date=2023-11-25 14:46:30; duration=173.83193969726562; result={'actor': 'topic@topic441', 'isolate': False, 'persist': True, 'result': "Article 'ARTICLE:[...]' published", 'source': 'Source.NONE'}
date=2023-11-25 14:46:33; duration=144.12856101989746; result={'actor': 'topic@topic442', 'isolate': False, 'persist': True, 'result': "Article 'ARTICLE:[...]' published", 'source': 'Source.NONE'}
date=2023-11-25 14:46:35; duration=44.85607147216797; result={'actor': 'topic@topic443', 'isolate': False, 'persist': True, 'result': "Article 'ARTICLE:[...]' published", 'source': 'Source.NONE'}
date=2023-11-25 14:46:37; duration=159.40475463867188; result={'actor': 'topic@topic444', 'isolate': False, 'persist': True, 'result': "Article 'ARTICLE:[...]' published", 'source': 'Source.NONE'}
date=2023-11-25 14:46:39; duration=57.348012924194336; result={'actor': 'topic@topic445', 'isolate': False, 'persist': True, 'result': "Article 'ARTICLE:[...]' published", 'source': 'Source.NONE'}
date=2023-11-25 14:46:41; duration=153.25546264648438; result={'actor': 'topic@topic446', 'isolate': False, 'persist': True, 'result': "Article 'ARTICLE:[...]' published", 'source': 'Source.NONE'}
date=2023-11-25 14:46:43; duration=127.47883796691895; result={'actor': 'topic@topic447', 'isolate': False, 'persist': True, 'result': "Article 'ARTICLE:[...]' published", 'source': 'Source.NONE'}
date=2023-11-25 14:46:45; duration=154.26373481750488; result={'actor': 'topic@topic448', 'isolate': False, 'persist': True, 'result': "Article 'ARTICLE:[...]' published", 'source': 'Source.NONE'}
date=2023-11-25 14:46:48; duration=135.5142593383789; result={'actor': 'topic@topic449', 'isolate': False, 'persist': True, 'result': "Article 'ARTICLE:[...]' published", 'source': 'Source.NONE'}
date=2023-11-25 14:46:50; duration=156.79693222045898; result={'actor': 'topic@topic450', 'isolate': False, 'persist': True, 'result': "Article 'ARTICLE:[...]' published", 'source': 'Source.NONE'}
date=2023-11-25 14:46:52; duration=142.34685897827148; result={'actor': 'topic@topic451', 'isolate': False, 'persist': True, 'result': "Article 'ARTICLE:[...]' published", 'source': 'Source.NONE'}
date=2023-11-25 14:46:54; duration=154.58941459655762; result={'actor': 'topic@topic452', 'isolate': False, 'persist': True, 'result': "Article 'ARTICLE:[...]' published", 'source': 'Source.NONE'}
date=2023-11-25 14:46:56; duration=60.48870086669922; result={'actor': 'topic@topic453', 'isolate': False, 'persist': True, 'result': "Article 'ARTICLE:[...]' published", 'source': 'Source.NONE'}
date=2023-11-25 14:46:58; duration=132.70163536071777; result={'actor': 'topic@topic454', 'isolate': False, 'persist': True, 'result': "Article 'ARTICLE:[...]' published", 'source': 'Source.NONE'}
date=2023-11-25 14:47:00; duration=42.464256286621094; result={'actor': 'topic@topic455', 'isolate': False, 'persist': True, 'result': "Article 'ARTICLE:[...]' published", 'source': 'Source.NONE'}
date=2023-11-25 14:47:02; duration=149.1711139678955; result={'actor': 'topic@topic456', 'isolate': False, 'persist': True, 'result': "Article 'ARTICLE:[...]' published", 'source': 'Source.NONE'}
date=2023-11-25 14:47:04; duration=72.1900463104248; result={'actor': 'topic@topic457', 'isolate': False, 'persist': True, 'result': "Article 'ARTICLE:[...]' published", 'source': 'Source.NONE'}
date=2023-11-25 14:47:07; duration=115.28468132019043; result={'actor': 'topic@topic458', 'isolate': False, 'persist': True, 'result': "Article 'ARTICLE:[...]' published", 'source': 'Source.NONE'}
date=2023-11-25 14:47:09; duration=151.68213844299316; result={'actor': 'topic@topic459', 'isolate': False, 'persist': True, 'result': "Article 'ARTICLE:[...]' published", 'source': 'Source.NONE'}
date=2023-11-25 14:47:11; duration=149.82247352600098; result={'actor': 'topic@topic460', 'isolate': False, 'persist': True, 'result': "Article 'ARTICLE:[...]' published", 'source': 'Source.NONE'}
date=2023-11-25 14:47:13; duration=135.8041763305664; result={'actor': 'topic@topic461', 'isolate': False, 'persist': True, 'result': "Article 'ARTICLE:[...]' published", 'source': 'Source.NONE'}
date=2023-11-25 14:47:15; duration=152.3725986480713; result={'actor': 'topic@topic462', 'isolate': False, 'persist': True, 'result': "Article 'ARTICLE:[...]' published", 'source': 'Source.NONE'}
date=2023-11-25 14:47:17; duration=157.45258331298828; result={'actor': 'topic@topic463', 'isolate': False, 'persist': True, 'result': "Article 'ARTICLE:[...]' published", 'source': 'Source.NONE'}
date=2023-11-25 14:47:19; duration=130.15127182006836; result={'actor': 'topic@topic464', 'isolate': False, 'persist': True, 'result': "Article 'ARTICLE:[...]' published", 'source': 'Source.NONE'}
date=2023-11-25 14:47:22; duration=168.42985153198242; result={'actor': 'topic@topic465', 'isolate': False, 'persist': True, 'result': "Article 'ARTICLE:[...]' published", 'source': 'Source.NONE'}
date=2023-11-25 14:47:24; duration=149.01065826416016; result={'actor': 'topic@topic466', 'isolate': False, 'persist': True, 'result': "Article 'ARTICLE:[...]' published", 'source': 'Source.NONE'}
date=2023-11-25 14:47:26; duration=156.13675117492676; result={'actor': 'topic@topic467', 'isolate': False, 'persist': True, 'result': "Article 'ARTICLE:[...]' published", 'source': 'Source.NONE'}
date=2023-11-25 14:47:28; duration=140.23566246032715; result={'actor': 'topic@topic468', 'isolate': False, 'persist': True, 'result': "Article 'ARTICLE:[...]' published", 'source': 'Source.NONE'}
date=2023-11-25 14:47:30; duration=129.4717788696289; result={'actor': 'topic@topic469', 'isolate': False, 'persist': True, 'result': "Article 'ARTICLE:[...]' published", 'source': 'Source.NONE'}
date=2023-11-25 14:47:32; duration=164.46447372436523; result={'actor': 'topic@topic470', 'isolate': False, 'persist': True, 'result': "Article 'ARTICLE:[...]' published", 'source': 'Source.NONE'}
date=2023-11-25 14:47:34; duration=154.0384292602539; result={'actor': 'topic@topic471', 'isolate': False, 'persist': True, 'result': "Article 'ARTICLE:[...]' published", 'source': 'Source.NONE'}
date=2023-11-25 14:47:37; duration=144.45948600769043; result={'actor': 'topic@topic472', 'isolate': False, 'persist': True, 'result': "Article 'ARTICLE:[...]' published", 'source': 'Source.NONE'}
date=2023-11-25 14:47:39; duration=143.53084564208984; result={'actor': 'topic@topic473', 'isolate': False, 'persist': True, 'result': "Article 'ARTICLE:[...]' published", 'source': 'Source.NONE'}
date=2023-11-25 14:47:41; duration=65.71507453918457; result={'actor': 'topic@topic474', 'isolate': False, 'persist': True, 'result': "Article 'ARTICLE:[...]' published", 'source': 'Source.NONE'}
date=2023-11-25 14:47:43; duration=132.83944129943848; result={'actor': 'topic@topic475', 'isolate': False, 'persist': True, 'result': "Article 'ARTICLE:[...]' published", 'source': 'Source.NONE'}
date=2023-11-25 14:47:45; duration=129.9421787261963; result={'actor': 'topic@topic476', 'isolate': False, 'persist': True, 'result': "Article 'ARTICLE:[...]' published", 'source': 'Source.NONE'}
date=2023-11-25 14:47:47; duration=165.1785373687744; result={'actor': 'topic@topic477', 'isolate': False, 'persist': True, 'result': "Article 'ARTICLE:[...]' published", 'source': 'Source.NONE'}
date=2023-11-25 14:47:49; duration=145.2341079711914; result={'actor': 'topic@topic478', 'isolate': False, 'persist': True, 'result': "Article 'ARTICLE:[...]' published", 'source': 'Source.NONE'}
date=2023-11-25 14:47:52; duration=147.58968353271484; result={'actor': 'topic@topic479', 'isolate': False, 'persist': True, 'result': "Article 'ARTICLE:[...]' published", 'source': 'Source.NONE'}
date=2023-11-25 14:47:54; duration=152.0082950592041; result={'actor': 'topic@topic480', 'isolate': False, 'persist': True, 'result': "Article 'ARTICLE:[...]' published", 'source': 'Source.NONE'}
date=2023-11-25 14:47:56; duration=74.24068450927734; result={'actor': 'topic@topic481', 'isolate': False, 'persist': True, 'result': "Article 'ARTICLE:[...]' published", 'source': 'Source.NONE'}
date=2023-11-25 14:47:58; duration=117.10572242736816; result={'actor': 'topic@topic482', 'isolate': False, 'persist': True, 'result': "Article 'ARTICLE:[...]' published", 'source': 'Source.NONE'}
date=2023-11-25 14:48:00; duration=134.40990447998047; result={'actor': 'topic@topic483', 'isolate': False, 'persist': True, 'result': "Article 'ARTICLE:[...]' published", 'source': 'Source.NONE'}
date=2023-11-25 14:48:02; duration=60.70232391357422; result={'actor': 'topic@topic484', 'isolate': False, 'persist': True, 'result': "Article 'ARTICLE:[...]' published", 'source': 'Source.NONE'}
date=2023-11-25 14:48:04; duration=152.33969688415527; result={'actor': 'topic@topic485', 'isolate': False, 'persist': True, 'result': "Article 'ARTICLE:[...]' published", 'source': 'Source.NONE'}
date=2023-11-25 14:48:06; duration=135.6067657470703; result={'actor': 'topic@topic486', 'isolate': False, 'persist': True, 'result': "Article 'ARTICLE:[...]' published", 'source': 'Source.NONE'}
date=2023-11-25 14:48:09; duration=157.86409378051758; result={'actor': 'topic@topic487', 'isolate': False, 'persist': True, 'result': "Article 'ARTICLE:[...]' published", 'source': 'Source.NONE'}
date=2023-11-25 14:48:11; duration=115.11445045471191; result={'actor': 'topic@topic488', 'isolate': False, 'persist': True, 'result': "Article 'ARTICLE:[...]' published", 'source': 'Source.NONE'}
date=2023-11-25 14:48:13; duration=76.19452476501465; result={'actor': 'topic@topic489', 'isolate': False, 'persist': True, 'result': "Article 'ARTICLE:[...]' published", 'source': 'Source.NONE'}
date=2023-11-25 14:48:15; duration=149.6899127960205; result={'actor': 'topic@topic490', 'isolate': False, 'persist': True, 'result': "Article 'ARTICLE:[...]' published", 'source': 'Source.NONE'}
date=2023-11-25 14:48:17; duration=154.15310859680176; result={'actor': 'topic@topic491', 'isolate': False, 'persist': True, 'result': "Article 'ARTICLE:[...]' published", 'source': 'Source.NONE'}
date=2023-11-25 14:48:19; duration=139.4646167755127; result={'actor': 'topic@topic492', 'isolate': False, 'persist': True, 'result': "Article 'ARTICLE:[...]' published", 'source': 'Source.NONE'}
date=2023-11-25 14:48:21; duration=153.32436561584473; result={'actor': 'topic@topic493', 'isolate': False, 'persist': True, 'result': "Article 'ARTICLE:[...]' published", 'source': 'Source.NONE'}
date=2023-11-25 14:48:24; duration=146.1653709411621; result={'actor': 'topic@topic494', 'isolate': False, 'persist': True, 'result': "Article 'ARTICLE:[...]' published", 'source': 'Source.NONE'}
date=2023-11-25 14:48:26; duration=136.18874549865723; result={'actor': 'topic@topic495', 'isolate': False, 'persist': True, 'result': "Article 'ARTICLE:[...]' published", 'source': 'Source.NONE'}
date=2023-11-25 14:48:28; duration=66.15114212036133; result={'actor': 'topic@topic496', 'isolate': False, 'persist': True, 'result': "Article 'ARTICLE:[...]' published", 'source': 'Source.NONE'}
date=2023-11-25 14:48:30; duration=70.8308219909668; result={'actor': 'topic@topic497', 'isolate': False, 'persist': True, 'result': "Article 'ARTICLE:[...]' published", 'source': 'Source.NONE'}
date=2023-11-25 14:48:32; duration=112.27035522460938; result={'actor': 'topic@topic498', 'isolate': False, 'persist': True, 'result': "Article 'ARTICLE:[...]' published", 'source': 'Source.NONE'}
date=2023-11-25 14:48:34; duration=137.2206211090088; result={'actor': 'topic@topic499', 'isolate': False, 'persist': True, 'result': "Article 'ARTICLE:[...]' published", 'source': 'Source.NONE'}
