action=aggregate; implementation=base; topics=1; users=1; articles=1000; subcriptions=1; persist=False; date=2023-11-25 09:54:18; duration=3567.7096843719482; result={'result': "Topic 'topic' aggregation for user 'luigi': 1001 article(s)"}
action=aggregate; implementation=base; topics=1; users=1; articles=1000; subcriptions=1; persist=False; date=2023-11-25 09:54:22; duration=243.3016300201416; result={'result': "Topic 'topic' aggregation for user 'luigi': 1001 article(s)"}
action=aggregate; implementation=base; topics=1; users=1; articles=1000; subcriptions=1; persist=False; date=2023-11-25 09:54:24; duration=205.1081657409668; result={'result': "Topic 'topic' aggregation for user 'luigi': 1001 article(s)"}
action=aggregate; implementation=base; topics=1; users=1; articles=1000; subcriptions=1; persist=False; date=2023-11-25 09:54:25; duration=602.2059917449951; result={'result': "Topic 'topic' aggregation for user 'luigi': 1001 article(s)"}
action=aggregate; implementation=base; topics=1; users=1; articles=1000; subcriptions=1; persist=False; date=2023-11-25 09:54:26; duration=322.82185554504395; result={'result': "Topic 'topic' aggregation for user 'luigi': 1001 article(s)"}
action=aggregate; implementation=base; topics=1; users=1; articles=1000; subcriptions=1; persist=False; date=2023-11-25 09:54:28; duration=259.5105171203613; result={'result': "Topic 'topic' aggregation for user 'luigi': 1001 article(s)"}
action=aggregate; implementation=base; topics=1; users=1; articles=1000; subcriptions=1; persist=False; date=2023-11-25 09:54:29; duration=292.97566413879395; result={'result': "Topic 'topic' aggregation for user 'luigi': 1001 article(s)"}
action=aggregate; implementation=base; topics=1; users=1; articles=1000; subcriptions=1; persist=False; date=2023-11-25 09:54:30; duration=506.53553009033203; result={'result': "Topic 'topic' aggregation for user 'luigi': 1001 article(s)"}
action=aggregate; implementation=base; topics=1; users=1; articles=1000; subcriptions=1; persist=False; date=2023-11-25 09:54:32; duration=261.2948417663574; result={'result': "Topic 'topic' aggregation for user 'luigi': 1001 article(s)"}
action=aggregate; implementation=base; topics=1; users=1; articles=1000; subcriptions=1; persist=False; date=2023-11-25 09:54:33; duration=345.0276851654053; result={'result': "Topic 'topic' aggregation for user 'luigi': 1001 article(s)"}
action=aggregate; implementation=base; topics=1; users=1; articles=1000; subcriptions=1; persist=False; date=2023-11-25 09:54:34; duration=262.94612884521484; result={'result': "Topic 'topic' aggregation for user 'luigi': 1001 article(s)"}
action=aggregate; implementation=base; topics=1; users=1; articles=1000; subcriptions=1; persist=False; date=2023-11-25 09:54:36; duration=611.8123531341553; result={'result': "Topic 'topic' aggregation for user 'luigi': 1001 article(s)"}
action=aggregate; implementation=base; topics=1; users=1; articles=1000; subcriptions=1; persist=False; date=2023-11-25 09:54:37; duration=248.23522567749023; result={'result': "Topic 'topic' aggregation for user 'luigi': 1001 article(s)"}
action=aggregate; implementation=base; topics=1; users=1; articles=1000; subcriptions=1; persist=False; date=2023-11-25 09:54:38; duration=209.03277397155762; result={'result': "Topic 'topic' aggregation for user 'luigi': 1001 article(s)"}
action=aggregate; implementation=base; topics=1; users=1; articles=1000; subcriptions=1; persist=False; date=2023-11-25 09:54:40; duration=299.58367347717285; result={'result': "Topic 'topic' aggregation for user 'luigi': 1001 article(s)"}
action=aggregate; implementation=base; topics=1; users=1; articles=1000; subcriptions=1; persist=False; date=2023-11-25 09:54:41; duration=414.7353172302246; result={'result': "Topic 'topic' aggregation for user 'luigi': 1001 article(s)"}
action=aggregate; implementation=base; topics=1; users=1; articles=1000; subcriptions=1; persist=False; date=2023-11-25 09:54:42; duration=241.2545680999756; result={'result': "Topic 'topic' aggregation for user 'luigi': 1001 article(s)"}
action=aggregate; implementation=base; topics=1; users=1; articles=1000; subcriptions=1; persist=False; date=2023-11-25 09:54:44; duration=243.69454383850098; result={'result': "Topic 'topic' aggregation for user 'luigi': 1001 article(s)"}
action=aggregate; implementation=base; topics=1; users=1; articles=1000; subcriptions=1; persist=False; date=2023-11-25 09:54:45; duration=277.660608291626; result={'result': "Topic 'topic' aggregation for user 'luigi': 1001 article(s)"}
action=aggregate; implementation=base; topics=1; users=1; articles=1000; subcriptions=1; persist=False; date=2023-11-25 09:54:46; duration=558.9022636413574; result={'result': "Topic 'topic' aggregation for user 'luigi': 1001 article(s)"}
action=aggregate; implementation=base; topics=1; users=1; articles=1000; subcriptions=1; persist=False; date=2023-11-25 09:54:48; duration=474.3332862854004; result={'result': "Topic 'topic' aggregation for user 'luigi': 1001 article(s)"}
action=aggregate; implementation=base; topics=1; users=1; articles=1000; subcriptions=1; persist=False; date=2023-11-25 09:54:49; duration=415.8935546875; result={'result': "Topic 'topic' aggregation for user 'luigi': 1001 article(s)"}
action=aggregate; implementation=base; topics=1; users=1; articles=1000; subcriptions=1; persist=False; date=2023-11-25 09:54:51; duration=312.4539852142334; result={'result': "Topic 'topic' aggregation for user 'luigi': 1001 article(s)"}
action=aggregate; implementation=base; topics=1; users=1; articles=1000; subcriptions=1; persist=False; date=2023-11-25 09:54:52; duration=461.6968631744385; result={'result': "Topic 'topic' aggregation for user 'luigi': 1001 article(s)"}
action=aggregate; implementation=base; topics=1; users=1; articles=1000; subcriptions=1; persist=False; date=2023-11-25 09:54:53; duration=286.24963760375977; result={'result': "Topic 'topic' aggregation for user 'luigi': 1001 article(s)"}
action=aggregate; implementation=base; topics=1; users=1; articles=1000; subcriptions=1; persist=False; date=2023-11-25 09:54:55; duration=206.01701736450195; result={'result': "Topic 'topic' aggregation for user 'luigi': 1001 article(s)"}
action=aggregate; implementation=base; topics=1; users=1; articles=1000; subcriptions=1; persist=False; date=2023-11-25 09:54:56; duration=268.80455017089844; result={'result': "Topic 'topic' aggregation for user 'luigi': 1001 article(s)"}
action=aggregate; implementation=base; topics=1; users=1; articles=1000; subcriptions=1; persist=False; date=2023-11-25 09:54:57; duration=399.13296699523926; result={'result': "Topic 'topic' aggregation for user 'luigi': 1001 article(s)"}
action=aggregate; implementation=base; topics=1; users=1; articles=1000; subcriptions=1; persist=False; date=2023-11-25 09:54:59; duration=252.55465507507324; result={'result': "Topic 'topic' aggregation for user 'luigi': 1001 article(s)"}
action=aggregate; implementation=base; topics=1; users=1; articles=1000; subcriptions=1; persist=False; date=2023-11-25 09:55:00; duration=343.3239459991455; result={'result': "Topic 'topic' aggregation for user 'luigi': 1001 article(s)"}
action=aggregate; implementation=base; topics=1; users=1; articles=1000; subcriptions=1; persist=False; date=2023-11-25 09:55:01; duration=292.2787666320801; result={'result': "Topic 'topic' aggregation for user 'luigi': 1001 article(s)"}
action=aggregate; implementation=base; topics=1; users=1; articles=1000; subcriptions=1; persist=False; date=2023-11-25 09:55:02; duration=350.3072261810303; result={'result': "Topic 'topic' aggregation for user 'luigi': 1001 article(s)"}
action=aggregate; implementation=base; topics=1; users=1; articles=1000; subcriptions=1; persist=False; date=2023-11-25 09:55:04; duration=242.01440811157227; result={'result': "Topic 'topic' aggregation for user 'luigi': 1001 article(s)"}
action=aggregate; implementation=base; topics=1; users=1; articles=1000; subcriptions=1; persist=False; date=2023-11-25 09:55:05; duration=352.0703315734863; result={'result': "Topic 'topic' aggregation for user 'luigi': 1001 article(s)"}
action=aggregate; implementation=base; topics=1; users=1; articles=1000; subcriptions=1; persist=False; date=2023-11-25 09:55:06; duration=298.53081703186035; result={'result': "Topic 'topic' aggregation for user 'luigi': 1001 article(s)"}
action=aggregate; implementation=base; topics=1; users=1; articles=1000; subcriptions=1; persist=False; date=2023-11-25 09:55:08; duration=415.6231880187988; result={'result': "Topic 'topic' aggregation for user 'luigi': 1001 article(s)"}
action=aggregate; implementation=base; topics=1; users=1; articles=1000; subcriptions=1; persist=False; date=2023-11-25 09:55:09; duration=238.6167049407959; result={'result': "Topic 'topic' aggregation for user 'luigi': 1001 article(s)"}
action=aggregate; implementation=base; topics=1; users=1; articles=1000; subcriptions=1; persist=False; date=2023-11-25 09:55:10; duration=237.10274696350098; result={'result': "Topic 'topic' aggregation for user 'luigi': 1001 article(s)"}
action=aggregate; implementation=base; topics=1; users=1; articles=1000; subcriptions=1; persist=False; date=2023-11-25 09:55:12; duration=328.5813331604004; result={'result': "Topic 'topic' aggregation for user 'luigi': 1001 article(s)"}
action=aggregate; implementation=base; topics=1; users=1; articles=1000; subcriptions=1; persist=False; date=2023-11-25 09:55:13; duration=321.58493995666504; result={'result': "Topic 'topic' aggregation for user 'luigi': 1001 article(s)"}
action=aggregate; implementation=base; topics=1; users=1; articles=1000; subcriptions=1; persist=False; date=2023-11-25 09:55:14; duration=243.50881576538086; result={'result': "Topic 'topic' aggregation for user 'luigi': 1001 article(s)"}
action=aggregate; implementation=base; topics=1; users=1; articles=1000; subcriptions=1; persist=False; date=2023-11-25 09:55:15; duration=335.29090881347656; result={'result': "Topic 'topic' aggregation for user 'luigi': 1001 article(s)"}
action=aggregate; implementation=base; topics=1; users=1; articles=1000; subcriptions=1; persist=False; date=2023-11-25 09:55:17; duration=310.1038932800293; result={'result': "Topic 'topic' aggregation for user 'luigi': 1001 article(s)"}
action=aggregate; implementation=base; topics=1; users=1; articles=1000; subcriptions=1; persist=False; date=2023-11-25 09:55:18; duration=434.5214366912842; result={'result': "Topic 'topic' aggregation for user 'luigi': 1001 article(s)"}
action=aggregate; implementation=base; topics=1; users=1; articles=1000; subcriptions=1; persist=False; date=2023-11-25 09:55:20; duration=771.5904712677002; result={'result': "Topic 'topic' aggregation for user 'luigi': 1001 article(s)"}
action=aggregate; implementation=base; topics=1; users=1; articles=1000; subcriptions=1; persist=False; date=2023-11-25 09:55:21; duration=234.31849479675293; result={'result': "Topic 'topic' aggregation for user 'luigi': 1001 article(s)"}
action=aggregate; implementation=base; topics=1; users=1; articles=1000; subcriptions=1; persist=False; date=2023-11-25 09:55:23; duration=265.7480239868164; result={'result': "Topic 'topic' aggregation for user 'luigi': 1001 article(s)"}
action=aggregate; implementation=base; topics=1; users=1; articles=1000; subcriptions=1; persist=False; date=2023-11-25 09:55:24; duration=228.3484935760498; result={'result': "Topic 'topic' aggregation for user 'luigi': 1001 article(s)"}
action=aggregate; implementation=base; topics=1; users=1; articles=1000; subcriptions=1; persist=False; date=2023-11-25 09:55:25; duration=242.8898811340332; result={'result': "Topic 'topic' aggregation for user 'luigi': 1001 article(s)"}
action=aggregate; implementation=base; topics=1; users=1; articles=1000; subcriptions=1; persist=False; date=2023-11-25 09:55:26; duration=350.2223491668701; result={'result': "Topic 'topic' aggregation for user 'luigi': 1001 article(s)"}
action=aggregate; implementation=base; topics=1; users=1; articles=1000; subcriptions=1; persist=False; date=2023-11-25 09:55:28; duration=321.3920593261719; result={'result': "Topic 'topic' aggregation for user 'luigi': 1001 article(s)"}
action=aggregate; implementation=base; topics=1; users=1; articles=1000; subcriptions=1; persist=False; date=2023-11-25 09:55:29; duration=226.6390323638916; result={'result': "Topic 'topic' aggregation for user 'luigi': 1001 article(s)"}
action=aggregate; implementation=base; topics=1; users=1; articles=1000; subcriptions=1; persist=False; date=2023-11-25 09:55:30; duration=369.3876266479492; result={'result': "Topic 'topic' aggregation for user 'luigi': 1001 article(s)"}
action=aggregate; implementation=base; topics=1; users=1; articles=1000; subcriptions=1; persist=False; date=2023-11-25 09:55:32; duration=273.3340263366699; result={'result': "Topic 'topic' aggregation for user 'luigi': 1001 article(s)"}
action=aggregate; implementation=base; topics=1; users=1; articles=1000; subcriptions=1; persist=False; date=2023-11-25 09:55:33; duration=239.24875259399414; result={'result': "Topic 'topic' aggregation for user 'luigi': 1001 article(s)"}
action=aggregate; implementation=base; topics=1; users=1; articles=1000; subcriptions=1; persist=False; date=2023-11-25 09:55:34; duration=247.5266456604004; result={'result': "Topic 'topic' aggregation for user 'luigi': 1001 article(s)"}
action=aggregate; implementation=base; topics=1; users=1; articles=1000; subcriptions=1; persist=False; date=2023-11-25 09:55:35; duration=220.3359603881836; result={'result': "Topic 'topic' aggregation for user 'luigi': 1001 article(s)"}
action=aggregate; implementation=base; topics=1; users=1; articles=1000; subcriptions=1; persist=False; date=2023-11-25 09:55:37; duration=409.0886116027832; result={'result': "Topic 'topic' aggregation for user 'luigi': 1001 article(s)"}
action=aggregate; implementation=base; topics=1; users=1; articles=1000; subcriptions=1; persist=False; date=2023-11-25 09:55:38; duration=246.2613582611084; result={'result': "Topic 'topic' aggregation for user 'luigi': 1001 article(s)"}
action=aggregate; implementation=base; topics=1; users=1; articles=1000; subcriptions=1; persist=False; date=2023-11-25 09:55:39; duration=271.1644172668457; result={'result': "Topic 'topic' aggregation for user 'luigi': 1001 article(s)"}
action=aggregate; implementation=base; topics=1; users=1; articles=1000; subcriptions=1; persist=False; date=2023-11-25 09:55:40; duration=280.426025390625; result={'result': "Topic 'topic' aggregation for user 'luigi': 1001 article(s)"}
action=aggregate; implementation=base; topics=1; users=1; articles=1000; subcriptions=1; persist=False; date=2023-11-25 09:55:42; duration=331.12573623657227; result={'result': "Topic 'topic' aggregation for user 'luigi': 1001 article(s)"}
action=aggregate; implementation=base; topics=1; users=1; articles=1000; subcriptions=1; persist=False; date=2023-11-25 09:55:43; duration=279.94394302368164; result={'result': "Topic 'topic' aggregation for user 'luigi': 1001 article(s)"}
action=aggregate; implementation=base; topics=1; users=1; articles=1000; subcriptions=1; persist=False; date=2023-11-25 09:55:44; duration=282.4382781982422; result={'result': "Topic 'topic' aggregation for user 'luigi': 1001 article(s)"}
action=aggregate; implementation=base; topics=1; users=1; articles=1000; subcriptions=1; persist=False; date=2023-11-25 09:55:46; duration=828.0107975006104; result={'result': "Topic 'topic' aggregation for user 'luigi': 1001 article(s)"}
action=aggregate; implementation=base; topics=1; users=1; articles=1000; subcriptions=1; persist=False; date=2023-11-25 09:55:48; duration=441.06030464172363; result={'result': "Topic 'topic' aggregation for user 'luigi': 1001 article(s)"}
action=aggregate; implementation=base; topics=1; users=1; articles=1000; subcriptions=1; persist=False; date=2023-11-25 09:55:49; duration=197.91865348815918; result={'result': "Topic 'topic' aggregation for user 'luigi': 1001 article(s)"}
action=aggregate; implementation=base; topics=1; users=1; articles=1000; subcriptions=1; persist=False; date=2023-11-25 09:55:50; duration=265.6381130218506; result={'result': "Topic 'topic' aggregation for user 'luigi': 1001 article(s)"}
action=aggregate; implementation=base; topics=1; users=1; articles=1000; subcriptions=1; persist=False; date=2023-11-25 09:55:51; duration=816.4136409759521; result={'result': "Topic 'topic' aggregation for user 'luigi': 1001 article(s)"}
action=aggregate; implementation=base; topics=1; users=1; articles=1000; subcriptions=1; persist=False; date=2023-11-25 09:55:53; duration=240.71931838989258; result={'result': "Topic 'topic' aggregation for user 'luigi': 1001 article(s)"}
action=aggregate; implementation=base; topics=1; users=1; articles=1000; subcriptions=1; persist=False; date=2023-11-25 09:55:54; duration=357.4566841125488; result={'result': "Topic 'topic' aggregation for user 'luigi': 1001 article(s)"}
action=aggregate; implementation=base; topics=1; users=1; articles=1000; subcriptions=1; persist=False; date=2023-11-25 09:55:56; duration=250.77533721923828; result={'result': "Topic 'topic' aggregation for user 'luigi': 1001 article(s)"}
action=aggregate; implementation=base; topics=1; users=1; articles=1000; subcriptions=1; persist=False; date=2023-11-25 09:55:57; duration=293.06697845458984; result={'result': "Topic 'topic' aggregation for user 'luigi': 1001 article(s)"}
action=aggregate; implementation=base; topics=1; users=1; articles=1000; subcriptions=1; persist=False; date=2023-11-25 09:55:58; duration=284.9392890930176; result={'result': "Topic 'topic' aggregation for user 'luigi': 1001 article(s)"}
action=aggregate; implementation=base; topics=1; users=1; articles=1000; subcriptions=1; persist=False; date=2023-11-25 09:56:00; duration=277.785062789917; result={'result': "Topic 'topic' aggregation for user 'luigi': 1001 article(s)"}
action=aggregate; implementation=base; topics=1; users=1; articles=1000; subcriptions=1; persist=False; date=2023-11-25 09:56:01; duration=345.6542491912842; result={'result': "Topic 'topic' aggregation for user 'luigi': 1001 article(s)"}
action=aggregate; implementation=base; topics=1; users=1; articles=1000; subcriptions=1; persist=False; date=2023-11-25 09:56:02; duration=255.77402114868164; result={'result': "Topic 'topic' aggregation for user 'luigi': 1001 article(s)"}
action=aggregate; implementation=base; topics=1; users=1; articles=1000; subcriptions=1; persist=False; date=2023-11-25 09:56:04; duration=264.7438049316406; result={'result': "Topic 'topic' aggregation for user 'luigi': 1001 article(s)"}
action=aggregate; implementation=base; topics=1; users=1; articles=1000; subcriptions=1; persist=False; date=2023-11-25 09:56:05; duration=242.10405349731445; result={'result': "Topic 'topic' aggregation for user 'luigi': 1001 article(s)"}
action=aggregate; implementation=base; topics=1; users=1; articles=1000; subcriptions=1; persist=False; date=2023-11-25 09:56:06; duration=336.78197860717773; result={'result': "Topic 'topic' aggregation for user 'luigi': 1001 article(s)"}
action=aggregate; implementation=base; topics=1; users=1; articles=1000; subcriptions=1; persist=False; date=2023-11-25 09:56:07; duration=309.5388412475586; result={'result': "Topic 'topic' aggregation for user 'luigi': 1001 article(s)"}
action=aggregate; implementation=base; topics=1; users=1; articles=1000; subcriptions=1; persist=False; date=2023-11-25 09:56:09; duration=225.0983715057373; result={'result': "Topic 'topic' aggregation for user 'luigi': 1001 article(s)"}
action=aggregate; implementation=base; topics=1; users=1; articles=1000; subcriptions=1; persist=False; date=2023-11-25 09:56:10; duration=241.1062717437744; result={'result': "Topic 'topic' aggregation for user 'luigi': 1001 article(s)"}
action=aggregate; implementation=base; topics=1; users=1; articles=1000; subcriptions=1; persist=False; date=2023-11-25 09:56:11; duration=551.8853664398193; result={'result': "Topic 'topic' aggregation for user 'luigi': 1001 article(s)"}
action=aggregate; implementation=base; topics=1; users=1; articles=1000; subcriptions=1; persist=False; date=2023-11-25 09:56:13; duration=311.7494583129883; result={'result': "Topic 'topic' aggregation for user 'luigi': 1001 article(s)"}
action=aggregate; implementation=base; topics=1; users=1; articles=1000; subcriptions=1; persist=False; date=2023-11-25 09:56:14; duration=215.57116508483887; result={'result': "Topic 'topic' aggregation for user 'luigi': 1001 article(s)"}
action=aggregate; implementation=base; topics=1; users=1; articles=1000; subcriptions=1; persist=False; date=2023-11-25 09:56:15; duration=232.81431198120117; result={'result': "Topic 'topic' aggregation for user 'luigi': 1001 article(s)"}
action=aggregate; implementation=base; topics=1; users=1; articles=1000; subcriptions=1; persist=False; date=2023-11-25 09:56:16; duration=695.1644420623779; result={'result': "Topic 'topic' aggregation for user 'luigi': 1001 article(s)"}
action=aggregate; implementation=base; topics=1; users=1; articles=1000; subcriptions=1; persist=False; date=2023-11-25 09:56:18; duration=268.1150436401367; result={'result': "Topic 'topic' aggregation for user 'luigi': 1001 article(s)"}
action=aggregate; implementation=base; topics=1; users=1; articles=1000; subcriptions=1; persist=False; date=2023-11-25 09:56:19; duration=240.21553993225098; result={'result': "Topic 'topic' aggregation for user 'luigi': 1001 article(s)"}
action=aggregate; implementation=base; topics=1; users=1; articles=1000; subcriptions=1; persist=False; date=2023-11-25 09:56:21; duration=328.19390296936035; result={'result': "Topic 'topic' aggregation for user 'luigi': 1001 article(s)"}
action=aggregate; implementation=base; topics=1; users=1; articles=1000; subcriptions=1; persist=False; date=2023-11-25 09:56:22; duration=341.60900115966797; result={'result': "Topic 'topic' aggregation for user 'luigi': 1001 article(s)"}
action=aggregate; implementation=base; topics=1; users=1; articles=1000; subcriptions=1; persist=False; date=2023-11-25 09:56:23; duration=419.7118282318115; result={'result': "Topic 'topic' aggregation for user 'luigi': 1001 article(s)"}
action=aggregate; implementation=base; topics=1; users=1; articles=1000; subcriptions=1; persist=False; date=2023-11-25 09:56:25; duration=332.3240280151367; result={'result': "Topic 'topic' aggregation for user 'luigi': 1001 article(s)"}
action=aggregate; implementation=base; topics=1; users=1; articles=1000; subcriptions=1; persist=False; date=2023-11-25 09:56:26; duration=323.0772018432617; result={'result': "Topic 'topic' aggregation for user 'luigi': 1001 article(s)"}
action=aggregate; implementation=base; topics=1; users=1; articles=1000; subcriptions=1; persist=False; date=2023-11-25 09:56:27; duration=265.2571201324463; result={'result': "Topic 'topic' aggregation for user 'luigi': 1001 article(s)"}
action=aggregate; implementation=base; topics=1; users=1; articles=1000; subcriptions=1; persist=False; date=2023-11-25 09:56:29; duration=273.7700939178467; result={'result': "Topic 'topic' aggregation for user 'luigi': 1001 article(s)"}
action=aggregate; implementation=base; topics=1; users=1; articles=1000; subcriptions=1; persist=False; date=2023-11-25 09:56:30; duration=219.5591926574707; result={'result': "Topic 'topic' aggregation for user 'luigi': 1001 article(s)"}
action=aggregate; implementation=base; topics=1; users=1; articles=1000; subcriptions=1; persist=False; date=2023-11-25 09:56:31; duration=260.32066345214844; result={'result': "Topic 'topic' aggregation for user 'luigi': 1001 article(s)"}
action=aggregate; implementation=base; topics=1; users=1; articles=1000; subcriptions=1; persist=False; date=2023-11-25 09:56:32; duration=331.4211368560791; result={'result': "Topic 'topic' aggregation for user 'luigi': 1001 article(s)"}
